리뷰,평점
4760D63D 편리합니다. 바쁘다 바빠 현대사회에 꼭 필요한 앱중에 하나라고 생각해요. 앱 자체의 기능면이나 효율성은 분명하게 호불호가 갈릴 것 같습니다. 기능적인 면으로 보면 편리하고 나무랄데가 없는 획기적인 아이템이지만 특히 비대면 시대를 살아가는 시대에는 필수적이라고 보입니다. 전이나 지금이나 대도시와 소도시는 아무래도 서비스 자체가 틀리지요. 소도시에 적용이 안되는 곳이 많거나 불편한 점도 틀림없이 있습니다. 좀 더 보완하고 다듬으면 성공이 확실한 나만의닥터,5
앱테크하면 동영상이나 광고뜨는 앱이 많은데 이건 광고가 없어 정말 편해요 일주일에 한번씩 체중 혈압 등 체크 매일 만보기와 퀴즈만 풀면됩니다 다만 번거로운점이 있다면 종종 설정이 바뀌는건지 만보기 체크가 안되요 그래서 앱설정가서 다시 바꿔야하는부분이 있는데 이부분 고쳐주시면 좋을것같습니다,4
나만의닥터앱을 사용한후 하루에 내가 얼마정도 걷는지 건강관리는 어떻게 하는지 체크를 할수 있어 좋습니다. 건강퀴즈까지 풀고 포인트박스도 열어볼수 있는 재미있는 요소가 쏠쏠한것 같아요 다만 주시는 캐쉬가 조금더 단위가 크다면 힘을 좀 더 내어볼 수 있을 것 같아요 앱을 사용한 후 좀 더 부지런해진것을 느낌니다 추천추천,4
"만보기, 혈압,몸무게,영양제 챙겨먹기를 기록하는 기능이 있어 매우 유용합니다. 특히 친구와 함께걷기 기능은 친구들과 서로 걷기 경쟁을 하면서 재미있게 걷기운동할수 있어서 좋습니다. 가끔 만보기 걸음수가 반영이 안되는 오류를 제외하고 매우 유익하고 좋습니다.",5
매일 퀴즈도 풀고 건강상식도 배우고 좋아요 포인트 적립도 쏠쏠하니 잘되는거 같아 만족스러워요~ 다소 아쉬운점은 매일 만보 걷고 있는데 걸음수 책정 오류가 많아서 거의 절반밖에 책정이 안되네요. 그래도 장점이 더 많은 앱이라 잘 사용하고 있습니다,5
"[ 6 E 5 C 7 C 2 F ] 유용한 정보도 얻고 걷는 만큼 캐시도 받을 수 있어 좋지만 지난 주부터 걸음수 오류가 발생하고 있습니다. 아무리 걸어도 걸음 수가 올라가지 않습니다. 오류의 일정한 패턴도 없습니다나만의닥터 앱은 사용하기 아주 쉽습니다. 걷기만 해도 또한 매일 퀴즈만 풀어도 매일 쌓이는 리워드가 있는데 나중에 다양하게 사용할 수 있어 매우 유용합니다. 한가지 아쉬운건 영양제 100원 핫딜이 있는데 엄청 빨리 클릭을 해야 하기에 순발력이 필요하답니다 , 닥터포인트를 쓸수 있는 곳이 한정적이라 저한텐 해당사항이 없어서 아쉽네요. 닥터포인트를 사용가능한 곳이 좀 더 다양해지면 더 좋을것 같아요.",5
편리하고 포인트를 많이 줘서 좋아요:-) 자주이용하고 싶은 앱입니다!! 걷기만 해도 포인트를 주고 퀴즈를 맞추면 4번의 박스를 열수 있고 약을 먹은 것을 점검하며 건강관리에 도움을 줍니다!,5
"지인추천으로 접하게 된 나만의닥터, 처음에는 별 흥미를 못느꼈는데 요즘은 매일 건강관리, 혈압, 혈당, 체중관리까지 열심히 체크하고 있습니다. 쏠쏠한 포인트도 챙기고 여러모로 흐뭇합니다. 앞으로도 열심히 하겠습니다.고맙습니다",5
"나만의 닥터앱 이용하고 나서 전 매일 건강관리 상식에 대해서 많이 배우고 있고, 또 많은 지식을 얻게 되어서 너무 감사드립니다~♡ 별 4개 드리는 이유: 앞으로 부족한 것이 좀 있다면 만보기를 좀 개선해 주셨으면 합니다. 한번 켜놓으면 걸을수가 100% 다 차는게 아니더라구요~ 들어갈 때마다 앱을 다시 접속해야 하는 번거로움 , 업데이트 해야 현재 걸음수가 적립되는 그런건 좀 개선이 필요할 거 같습니다~♡",4
[ 6 E 5 C 7 C 2 F ] 편리하게 이용할 수 있도록 앱 개발해주셔서 감사합니다. 다만 앱이 잡아먹는 리소스가 많아서 그런지 앱을 켠 뒤 한 10초정도 터치가 안먹는 현상이 있고 간혹 앱 응답 없음 알림이 뜰때가 있어 조금 불편하네요. 그 외 제품구매시 사용성은 편리하고 좋아요. 앱 최적화만 좀 더 잘 되어 있으면 좋을 것 같습니다,5
"나만의 닥터를 이용한지 1달이 넘었습니다. 비대면 진료 시스템을 이용 할 수 있어서 너무 좋습니다. 여러가지 자기에게 맞는 병원도 알려주고 편리하고 좋아요. 더블어 각종 이벤트도 실시하고 핫딜을 통해 100포인트로 여러가지 약도 받아 볼 수 있었습니다. 또한 자신의 건강을 체계적으로 관리 할 수있게 체중, 복용약, 혈압, 혈당등을 기록 후 관리 할 수 있어서 좋네요. 만보기 기능과 체중, 혈압, 혈당 등을 길ㅛㄱ하면 포인트를 지급해주고 그렇게 쌓인 포인트로 커피등을 바꿔 사용 할 수 있는 점도 훌륭합니다^^",5
유용한 정보도 얻고 걷는 만큼 캐시도 받을 수 있어 좋지만 지난 주부터 걸음수 오류가 발생하고 있습니다. 아무리 걸어도 걸음 수가 올라가지 않습니다. 오류의 일정한 패턴도 없습니다. 25000보를 걸었는데 450보로 표기되며 추가로 걸어도 걸음 수가 올라가지 않습니다. 배터리 최적화 해제 후에도 걸음 수사 올라가지 않습니다.,3
나만의닥터 앱은 사용하기 아주 쉽습니다. 걷기만 해도 또한 매일 퀴즈만 풀어도 매일 쌓이는 리워드가 있는데 나중에 다양하게 사용할 수 있어 매우 유용합니다. 한가지 아쉬운건 영양제 100원 핫딜이 있는데 엄청 빨리 클릭을 해야 하기에 순발력이 필요하답니다. 건강 관리에 필요한 앱이므로 추천합니다.,5
"비공식나만의닥터홍보자가되었답니다. 친구들한테도 적극추천하고있어요. 매일 체크해주고 관리해줘야되는 게 혈압,혈당인데 어제는 어떤수치였지 깜빡잊을때가 있는데 나만의 닥터로 체중.혈당.혈압기록할수있어서 좋아요. 영양제챙겨먹기 기록도 있어서 포인트를 주고 또 간단한퀴즈맞추면 포인트,5일연속맞추면 포인트상자10개 주고 여러가지 포인트득템방법이 많아요. 제일 좋은건 광고가 없다는 것! 다른앱들은 한번누를때마다 동영상광고가 나와서 1점받으려고 동영상보는데 현타오는데 나만의닥터는 없어서 깔끔하니 좋아요.",5
"우리동네 최저가 병원비도 검색되고, 만보기 기능도 있어서 평소에 유용하게 활용하며 건강도 지키고 1석 2조입니다 :) 다만 가끔 만보기 걸음수 오류나 렉이 걸리는 경우가 있어서 앱 업데이트시 해당오류가 잘 개선되면 더 좋을 것 같아요!",5
"포인트를 쉽게 벌수 있어서 좋아요. 닥터캐시는 모바일쿠폰으로 가능하긴 한데, 닥터포인트를 쓸수 있는 곳이 한정적이라 저한텐 해당사항이 없어서 아쉽네요. 닥터포인트를 사용가능한 곳이 좀 더 다양해지면 더 좋을것 같아요.",4
1. 초기에 앱을 실행했을때 권한을 설정다해놨음에도 불구하고 만보기가 정상적으로 작동하려면 꼭 어플에 들어와서 만보기를 눌렀다가 나와야 정상작동하는데 왜 이러는거죠? 어플에 들어오지 않으면 만보기가 0걸음에서 걸음수 카운팅이 안됩니다 2. 걸음수가 카운팅이 되더라도 중간에 접속해서 포인트박스를 열게되면 다시 걸음수가0으로 바뀌고 그뒤로 아무리 걸어도 더이상 걸음수가 카운팅 되지 않습니다,1
나만의닥터로 영양제 및 복용약 알림도 와서 좋고 소소하게 포인트 적립으로 요긴하게 쓸 수 있어서 너무 좋습니다. 포인트 차감없이 더 많은 이벤트로 포인트지급이 되었으면 합니다.,4
UX/UI에 정말 문제가 많은 앱. 예를 들면 체중 기록 알림 한 번 설정하면 끌 수 있는 옵션이 없음. 요일을 없애면 수정하기 버튼이 안 눌리고 따로 삭제하는 버튼도 없는데 어떻게 하라는 건지..,1
"나만의 닥터 앱이 건강에 도움이 되어 좋긴합니다만 만보기 오류가 너무 자주 발생해서...개선이 필요한것 같습니다. 15,000보 이상 걸었는데 카운트가 제대로 되지 않고 3천몇보에서 초기화되어 더 이상 카운트가 안되는 등 오류가 많네요... 이번주에도 2번이나 오류가 생겼답니다.",3
늘 잘 사용하고 있어요 :) 독감가격은 다 같은 줄 알았는데 최저가도 찾게되고 병원예약도 되게 쉽고 빠르게 되고 예약알림도 잊지 않게 뜨니까 너무 좋더라구요 :) 하루 한 번 씩 퀴즈 풀고 적립금 받아서 그걸로 할인받음 그것도 꿀이고 사용할 때마다 너무 좋은 앱이에요!,5
"이 어플 사용한 지 꽤 됐는데 좋은 기능이 많아서 잘 쓰고 있어요. 독감백신이나 탈모약 값이 저렴한 곳도 알려 주고 만보기, 퀴즈 등 포인트를 모아서 네이버페이로 바꿀수 있어서 앱테크 하기도 좋아요. 어플도 안정적이라 오류도 없고 메뉴도 찾기 쉬워요.",5
"처음 사용할때도 어렵지않았고, 메뉴 간단해서 헷갈릴 일 없어요. 포인트적립, 사용도 한눈에 확인되고 심플하고 만족합니다. 다만, 걸음 카운트가 제대로 체크안해서 자꾸 없어져요. 실컷 걸었는데 카운트 안되고있고..ㅋㅋㅋ 업데이트 하니 또 없어지고.. 설정해두면 누락되는거 없이 카운트 되면 좋겠어요",4
만보기가 혜택이 좋아져서 일단 좋고요. 함께걷기가 있어서 지인들과 같이 격려하고 독려하면서 하고있어요 만보기관련앱으로는 혜자앱인것 같아요. 그리고 건강퀴즈가 있어서 건강에 대한 기초지식을 쌓을수 있어서 더욱 좋은것 같아요. 이용자가 늘어서 더욱더 많은 혜택이 이용자에게 돌아오면 좋을것 같아요.,5
"[ 5E1576DE ]매일 퀴즈도 풀고 건강상식도 배우고 정말 좋아요. 만보기 기능으로 어플 쓰는 재미와 덤으로 포인트까지 받을 수 있어서 좋습니다. 그렇지만 비대면진료의 제한으로 어플 내 포인트 쓰는 것도 제한되기는 했지만 여전히 도움이 많이 되는 어플입니다. 때때로 어플을 실행시키지 않으면 다른 어플은 제대로 만보기 측정되나, 하루에 처음 로그인하는 0보로 초기화되어 있는 거 외에 아직 불편함은 없습니다.",5
코로나로 인해 비대면진료도 가능해지고 카테고리가 간편하게 되어있어 어플 초보자도 이용하기 쉽고 깔끔하게 되어있어 편리합니다^^ 매번 나오는 퀴즈이벤트도 좋고 종류별로 다양하게 메뉴가 나와있어 좋아요ㅎㅎ,5
비대면 진료를 받으면 꼼꼼하게 케어 받을수 있어서 편리함을 느끼고 도움 받을수 있을것 같습니다 건강관리 할때도 이앱을 통해서 관리가 가능하고 걸음수를 잴수 있는 만보기 기능을 이용하여 걸음수를 기록하고 포인트를 적립 할수 있으니 더욱 좋은 기능을 가진 앱입니다 코로나 시대에 걸맞는 앱이예요,4
비대면진료앱은 처음 접해보는데 신세계입니다. 요즘 비대면을 선호하고 있기 때문에 많이 이용하실거 같습니다. 모든 진료 증상 선택이 가능한부분이 너무 편리하네요 건강챌린지도 닥터포인트를 줘서 쏠쏠하네요. 즐겁게 앱사용할수있는 기능이 많아서 좋습니다. 번창하세요!,5
"앱 자체가 그지같은데, 평점은 굉장히 높네요. 앱 문제인지 서버문제인지 모르겠지만 엄청 느려요. 뭐 하나 입력하면 기본 10초정도는 기다려야합니다. 그리고 저만 그런 건지 엄청 튕깁니다. 근 몇 년간 사용했던 앱중에 가장 최악입니다. 서비스 내용은 괜찮다고 생각합니다.",1
우선 현시점에 비대면 진료가 수시로 필요할 수 있어 찾아보더중 앱중 ui가 가장 보기 편하고 카테고리 분류도 명확해서 보기 편합니다. 다양한 기능들도 있으며 다양한 이벤트도 존재합니다 비용 시간 모두 절감할 수 있으며 간단한 궁금증 해결도 간편하게 해결 되어 좋습니다,5
친구가 추천해줘서 가입하게된 앱입니다. 늦은시간까지 모든 과목의 진료가 가능하네요. 늦은시간 아퍼도 든든한생각이듭니다. 비대면진료도 가능하니 더 편리하네요. 포인트컨텐츠도 여러가지가되네요. 진료비등으로 사용가능해서 완전 유용한듯합니다.요즘은 야간 주말 진료비가 많이 비싸드라구요ㅜㅜ 열심히 참여해서 포인트쌓고 진료비도 아껴볼랍니다 ㅋㅋ,5
"만약 필자가 안약을 필요로 하는 상황이고 재진선호도가 높은 병원을 찾는데 막상 찾은 병원은 안약 관련된 진료를 제공하긴 하지만 이전에 사후피임약,다이어트약 같은 진료만 하여 높은 선호도를 받는 병원일수도 있다는 것임, 또한 리뷰수가 엄청 많아도 내가 찾는 약과 관련된 리뷰는 없는 경우도 있음",2
"최고예요! 코로나때 알게되었는데, 지금은 탈모약을 받는데 유용하게 쓰고 있습니다. 앱 안에 정보들이 많은데, 여기저기 구경하다보면 코인도 많이 주셔서 나중에 병원비와 약값 결제할 때, 활용할 수 있었어요. 특별히 탈모약은 1년으로 설정, 한번에 진행할하고 최저가 검색까지 해줍니다. 여기가 성지입니다. ^^;;;",5
"편한 비대면 진료 가능 어플을 찾다가 알게되었는데 비대면 진료뿐 아니라 건강까지 관리 할수 있는 앱이네요 걷기 부터 혈당, 혈압, 몸무게 체크까기 덤으로 포인트 까지 받아서 사고 싶은거 살수도 있고 생각보다 유용한 앱입니다.",5
"병원 최저가 검색도 되고, 예약도 되서 좋아요. 만보기 기능으로 포인트를 모아 병원 예약 시 진료비에 쓸 수 있는 것도 참 좋네요. 코로나 때 비대면 진료로 정말 이용 잘 했는데 정부 정책 변경으로 대면 진료로 바뀐 게 너무 아쉽지만 병원 정보 얻는 부분으로 바뀌어 나가고 있어 계속 유용하게 사용할 것 같습니다.",5
"만보기 기능으로 어플 쓰는 재미와 덤으로 포인트까지 받을 수 있어서 좋습니다. 그렇지만 비대면진료의 제한으로 어플 내 포인트 쓰는 것도 제한되기는 했지만 여전히 도움이 많이 되는 어플입니다. 때때로 어플을 실행시키지 않으면 다른 어플은 제대로 만보기 측정되나, 하루에 처음 로그인하는 0보로 초기화되어 있는 거 외에 아직 불편함은 없습니다.",4
나만의 닥터 앱을 통해서 비대면 진료 받을 수 있어서 시간도 절약되는게 가장 큰 장점 같아요. 아울러 만보기 퀴즈풀기로 포인트 적립이 되니까 앱을 더 자주 사용하게 되고 혜택을 볼 수 있어서 넘 좋아요!!!!,5
"매일 업뎃되는 건강퀴즈로 몰랐던 부분 알아가는 과정도 재미있어요. 다만,걷기체크가 제대로 이뤄지지않는 날이 한달에 한번정도네요? 딱히 건드린 부분이 없는데 만보가 날라가요. 건강관리측면에서 보면 체중 및 혈당관리나 영양제섭취등에 도움을 많이 받고있습니다. 더불어 캐쉬나 포인트도 작지않아요. 추천드립니다.",5
"배송현황 알림만 켜놨는데 뭐 퀴즈가 열렸네, 검색한 병원 예약이 곧마감되네 어쩌네 저쩌네 계속 알림이 오는지? 광고성 알림도 거부 되어있고 모든 앱 알림꺼놨는데 왜 자꾸 알림이 오냐구요",2
다른 앱에서 나만의 닥터를 알게 되어 사용 중인데 건강퀴즈도 풀고 포인트도 얻고 건강상식도 쌓아서 좋고 만보기 기능 혈압 혈당 몸무게 영양제 복용 여부등 개인건강에 필요한 정보를 매일 기록 하고 영양제 복용 여부도 나와 매일 빠짐없이 영양제 복용 할 수 있어 좋고 포인트도 얻고 참 좋은 앱인네요 꾸준히 이용 할려구요.,5
가장 관심 있는 정보나 필요한 버튼이 찾기 쉽게 되어있어서 좋네요. 수기로 관리하던 체중 기록도 어플로 바로바로 하니까 편해요!,5
만보걷기 간단퀴즈 영양제먹기등으로 포인트 얻을수 있는데 광고가 없어서 좋아요. 걷기연동 오류가 있어서 그점은 개선되어야 할거 같아요,5
닥터퀴즈로 의학상식을 얻고 리워드도 받을수있어서 좋습니다. 이 외에도 다양한 미션이 있어 건강관리에 도움도 되고 닥터캐시로 보상받을수 있어 즐겁네요. 다만 알림창이 여러개 뜨고 한번에 제거가 안되어 좀 번거롭네요.,4
"처음 사용해봤는데 너무 편하구 좋아여! 포인트도 잘 모이고, 약 먹는 시간이나 체중 등 기록할 수 있는게 많아서 만족했어요. 비대면으로 진료를 하니까 더 편리하고 약도 집으로 배송이 되니까 더 좋은것 같아요!",5
유용한 앱입니다. 포인트가 극적으로 늘진 않지만 걷고 기록하다보면 꽤나 쏠쏠하게 쓸 수 있어요. 건강지식도 쌓고 제약 및 주사 정보도 알게 되고 여러모로 유용한 앱입니다. ^^,5
단순 걷는것보다도 평상시엔 관심은 있지만 챙기지않았던 혈압이나 당뇨수치도 기록 할수있어서 좀더 구체적으로 체크할수있어 좋습니다. 단순걷는 어플과는 차별화되있어 좋습니다,5
"8/30로 비대면진료가 어려워져 포인트 활용도는 떨어졌지만, 닥터캐쉬로 커버되는 것 같습니다. 캐쉬 사용도 1000원부터 가능한 것도 맘에 들구요.",5
"나만의닥터 앱 잘 사용하고 있는데 아직 만보걷기는 정상화가 잘 안되네요. 만보는 매일걷고 있는데 걸음수가 잘 올라가지 않을때가있어요, 그것만 빼고는 포인트 모아서 네이버 페이로 교환할수 있어좋으네요.",5
건강도 챙기고 쏠쏠하게 포인트도 얻고 간편하고 직관적이라 사용이 편리하네요. 물론 포인트 적립과 사용의 편의성도 만족스럽네요.,5
나만의닥터 함께걷기로 친구들과 함께걷고 있고요. 만보기가 혜택이 좋아져서 아주좋아요. 혜자앱인것 같아요. 그리고 건강퀴즈가 있어서 건강에 대한 기초지식을 쌓을수 있어서 더욱좋은것 같아요. 이용자가 늘어서 더좋은혜택 받으면 좋을것 같아요.,5
나만의닥터.. 정말 좋은 앱입니다. 건강지식도 넓혀주고.. 만보기 보상도 빵빵하고.. 영양제도 챙겨주고..이벤트 보상포인트도 좋고.. 매일 약 먹었는지도 챙겨주고.. 정말 잘 쓰고 있습니다.,5
건강관리에 도움이 됩니다. 만보기 기능을 이용해서 포인트를 모을 수 있고 병원예약에 모은 포인트를 사용가능합니다. 가끔 만보기가 죽는 경우가 있지만 큰 문제는 아닙니다.,5
만보기 오류가 잦음. 삭제하고 다시 설치하기를 자주 반복했음. 닥터포인트를 캐시로 통합해주면 좋겠음. 오류잦지만 약먹는 잊지않을 수 있어서 괜찮음. 성형시술 자주하는 사람에게 작게나마 도움될것 같음,3
"건강에 알짜 기능, 놀라운 기능만을 쏙쏙 뽑아 유용성과 편의성, 친근성을 모두 잡았네요. 정말 유용한 앱인것 같아요. 더욱더 좋은 기능과 서비스 부탁드려요.",5
"처음엔 비대면 의료앱으로 사용했는데, 요즘엔 나의 건강 지킴이 앱이 된것같아요. 이것저것 건강을 위한 퀴즈나 만보기, 혈압체크 등등 건강을 체크하면서 포인트도받고 좋은 기능들이 많아요",5
"비대면 진료 예약하기 너무 편해요. 특히 이번에 독감 백신 저렴한 곳 알려줘서 너무나 유용했어요. !! 앱도 사용하기 편하고, 영양제 챙겨먹기 알람 맞춰놓으니 정말 좋네요.",5
"진정한 나만의 주치의.. 나만의 닥터 앱 방문으로 꾸준한 걷기 운동과 캐시,포인트를 모아 쇼핑과 진료도 받을수 있으니 안할 이유가 없지요~ 닥터포인트로 원하는 병원을 선택해 다양한 진료도 받아보고 너무 좋아요. 무엇보다 저렴하고 믿을수 있는 병원 소개로 편하게 정보도 얻고 일석이조네요! 우리모두 건강하게 백세시대 나만의닥터와 함께해요!",5
"처음엔 포인트에 혹해서 설치했는데, 잘못알고있거나 몰랐던 건강상식에 우리동네 병원들 중에서 최저가릉 찾을 수도 있고, 건강도 챙길 수 있는 너무 좋은 앱이더라구요~ 요즘은 매일 찾게되는 저의 favorit 앱이 되었답니다. 매일 세롭게 알게되는 건강상식이 참 좋아요~ ^^*",5
"비대면으로 진료가 가능하다고해서 가입했어요. 그 외에도 만보기, 건강퀴즈 등 다양한 방법으로 포인트를 적립할 수 있어서 좋아요. 적립한 포인트는 네이버페이, 편의정상품권, 스벅 등으로 변경할 수 있고요. 매일 건강퀴즈를 풀면서 건강상식도 좋아지네요ㅎㅎ",5
다양한 병원의 정보를 찾을 수 있고 비교하여 원하는 곳으로 예약할때 유용하게 사용할 수 있어요! 앱도 쾌적하고 가독성이 좋아요~ 앞으로도 이용할게요,5
나만의닥터를 알고 비대면으로 도움 많이 받았네요 최저가로 쉽고 빠르고 편리하게 이용했습니다 또한 그동안 몰랐던 의학상식을 재미있고 알기쉽게 퀴즈로 풀며 캐시와 상식 두가지 다 얻을수있어 좋았습니다 좋은앱 감사합니다,5
매일 퀴즈로 상식도 얻어가고 만보기 등 건강도 챙기면서 포인트 얻기도 좋고 현재는 비대면진료가 어렵지만 예약시 포인트 사용도 가능해서 좋아요,5
"건강상식과 영양제 먹기, 혈당, 혈압,체중 기록으로 건강관리뿐 아니라 걷기를 통해 몸 건강까지 챙기며 다른 앱엔 광고가 너무 많은데 광고없이 포인트 적립후 제품 구매 및 영양제 100원 핫딜을 통해 8종에 영양제를 받아 챙겨 먹고 있습니다. 감사합니다",5
"인터넷 베너 광고를 통해 가입하게 됐는데 건강상식도 쌓고 만보기와 체중체크, 혈압과 혈당체크도 하면서 건강관리가 가능하게 해주네요. 거기에 포인트로 N페이도 쌓을수 있어 너무 좋아요. 가끔 만보기가 걸을수를 인식 못하는것만 잡아주면 좋겠어요",5
"나만의 닥터 어플 잘사용중입니다. 건강관련정보도 유익하게 잘알려주고, 퀴즈라던가 영양제 핫딜, 만보기 기능, 건강관리(약먹는것,혈압,공복혈당)를 할수있어서 좋은것이 많습니다~ 앞으로 더발전하는 나만의닥터 어플이 되길 바라겠습니다.",5
처음 가입했어요~~ 독감예방접종 최저가검색해서 가보려고 합니다. 건강퀴즈와 만보기 등 생활속에서 포인트 얻을 수 있는 기회가 많아서 너무 좋아요~ 잘사용할게요~,4
나만의닥터 추가광고 없이 혈압 혈당 몸무게등을 기본적으로 저장해서 비교해볼 수 있어서 좋아요 게다가 포인트로 기프티콘까지살수있어 더 좋습니다 다만 만보기는 측정이잘안되요~이것만 잘되면 더 좋을거 같아요,4
걷기 앱 중에 허위광고로 인한 앱이 많은데 실제로 포인트로 네이버포인트도 교환해보고 병원에 예약잡고 방문하여 캐시포인트로 일부 결재까지 해보았습니다. 포인트를 잘 쌓으면 도움되는 앱입니다^^,5
처음에 병원 정보나 약 정보 때문에 가입했는데 소소한 이벤트들로 포인트 상자도 모으고 요즘 만보기도 열심히 실천중이예용. 꾸준히 건강지키며 포인트도 모으고 여러모로 이득이득 좋아용 퀴즈도 유용한 정보들로 한개씩 문제가 나오니 하루 하나씩 기본지식 쌓는 느낌이랄까용~,5
앱테크로 시작해서 사용하게 되었는데 포인트도 많이 주고 혈당이나 체중 관리 및 만보기 기능도 있고 해서 다방면으로 사용할 수 있으니 좋아요 모은 포인트로 진료에도 쓸 수 있으니 매일 접속해서 잘 쓰고 있어요,5
체중 및 혈당 기록 또는 건강테스트 등을 통해 내 몸 상태를 점검해볼 수 있을뿐아니라 캐시도 저절로 모여서 기프티콘 교환까지 가능한 점이 너무 좋은것 같습니다👍 건강도 챙기고 돈까지 벌수 있는 일석이조의 앱인듯하네요 :),5
나만의닥터 앱으로 나의 건강체크를 꾸준히 점검하고 관리할 수 있어서 좋은거같아요 만보기앱으로 포인트도 얻을 수 있고 차곡히모은 포인트로 기프티콘구매하면 기분도 좋아져 더 건강해지는 기분입니다~^^ 꼭 필요한 정보도 얻고 공부도 되서 좋아요,5
우리동네 최저가 병원비 검색이 가능하여 유용한 앱. 걷기와 퀴즈 풀기 등으로 포인트도 모으고 앱테크로도 너무 좋은 앱,5
나만의 닥터 잘 쓰고 있어요. 탈모가 있어서 약 먹고 있는데 저렴한곳 안내해주니까 좋습니다. 만보기 퀴즈 포인트 모아서 쓸 수 있어 도움되고 있어요. 어플 안정적이고 쓰기 편해 좋아요.,5
"가격대 순서대로 병원 목록을 볼 수 있는 점이 가장 편리하고 좋았고, 비대면 음성과 화상 진료가 전부 가능한 점 또한 좋습니다",4
비대면 처방을 위해 사용했던 어플이 이제는 만보기와 퀴즈 기능으로 받을 수 있는 포인트가 많아 매일매일 잘 사용중입니다. 친구들과 모임에 초대해 걸음수에 따라 포인트도 받을 수 있기 때문에 굉장히 좋은 어플이라고 생각됩니다.,5
"비대면진료가 필요해서 알게된 앱인데 현재는 만보걷기,체중,혈압,혈당 등 종합건강관리까지 받고있네요. 비대면진료 외에도 우리동네병원 방문예약 기능이 있어 너무 편리합니다. 그리고 건강퀴즈풀기를 하면서 건강상식도 넓히고 있습니다.",5
영양제 먹는 알람과 만보기 혜택까지 항상 잘사용 중입니다. 건강도 챙기고 많은 혜택까지 제공되니 너무 좋습니다.!!! 추천합니다.,5
아주 유용한 앱을 발견하였습니다. 앱으로 예약도 가능하고 할인도 가능하네요. 앞으로 잘 이용하겠습니다.,5
"퀴즈를 풀어가며 상식도 늘고, 매일 걷는거에대한 보상도 받고, 약도 챙겨먹게되고..몇 안되는 실생활에 바로 도움되는 앱입니다. 네이버 포인트도 잘 생기는건 덤이구요.",5
"만보기 기능으로 내 건강을 챙기고, 퀴즈로 건강관련 상식이나 지식도 알수 있게해서 좋은 것 같네요. 많은 건강.헬스앱 중에서도 추천합니다~",5
"처음에 만보기 때문에 가입했다가 매일 건강퀴즈 풀고 캐시도 받고 여러 유익한 정보를 얻을 수 있어서 너무 만족해요 혈압, 혈당 등도 기록하여 관리할 수 있고 좋아요 다만 어플이 조금 느리고 버벅거려서 불편해요",5
간단하게 포인트적립할수있어서 좋고 적립도 잘되고 기프트콘도 작은포인트로도 기프티콘교환이 가능해서 좋은거같아요,4
만보기와 매일 건강관련 퀴즈로 포인트까지 받을수있어요. 포인트 모아서 원격진료때 사용할 수 있어 좋아요.,5
"한창 우울증약을 복용해야하나 너무 우울해사 움직이기조차 힘들때, 나만의닥터 비대면 처방 덕분에 큰 도움이 되었어요. 지금은 비대면처방에 제약이 많지만 이벤트가 많아 매일매일 접속하고 있네요.ㅎㅎ",5
"독감접종 맞기전에 병원정보 알아보려고 깔았는데, 나만의닥터 어플 사용이 편리해서 좋아요~ 포인트도 쌓이고 자주 사용할 것 같아요 :) 👏👏",5
"걸음측정의 기준이 너무 엄격함.. (대표 앱인 삼성 헬스와의 차이가 너무 큼. . 삼성헬스앱13000보.. 나만의 닥터 최대 5000보, 최소 0보) 관련된 문제가 있다는 답변은 들었으나 QnA 상에 앱 관련 문제점을 고지도어있으나 만보기의 활용을 선전용으로 사용됨을 미루어 좀 더 기준을 완화되었으면 하는 바람임. 닥터포인트 활용이 제한적인 점도 개선이 필요함.",3
나만의 닥터 매일 건강퀴즈 참여하고 건강상식도 배우는 즐거움이 쏠쏠합니다. 포인트 모아 기프티콘 구매하는 재미도 있구요. 모은 캐시로 비대면 진료시 사용할 수 있다니 꾸준히 이용하고 있어요. 추천합니다.,5
"인터페이스, 디자인이 깔끔하고 보고 편해서 사용하기 좋습니다. 또한 비대면진료가 가능하여 급한진료나, 여러가지 사정상 대면진료가 불가능할때 잘~ 이용하고 있습니다.",5
나만의닥터 처음 접할 땐 단순히 퀴즈 맞춰서 네이버페이 받는 앱으로 생각했는데 나중에 보니 체중이나 혈당 혈압 먹는 약 등 여러 가지로 건강에 도움이 되는 좋은 어플이었습니다. 그래서 추천합니다!,5
건강관리앱으로는 정말 유용하고 좋은 나만의 닥터! 내게 꼭 필요하고 알맞은 병원진료도 쉽게 알아볼수가 있어서 좋습니다 앞으로 더 많이 이용하겠습니다,5
"만보걷기, 건강퀴즈, 혈당, 체중체크로 포인트를 받을수 있어서 좋습니다!! 기록하면서 건강해지는것 같고 몸도 체크할수 있어서 일석이조인거 같습니다. 우리 동네 최저가 병원 찾아주는것도 좋습니다.",5
건강관리에 유용한 앱입니다. 건강퀴즈 등을 통해서 상식도 쌓고 걷기만 해도 포인트가 쌓여서 요즘 걷기활동이 늘었네요. 다만 분명히 걸었는데 측정이 잘 안될때가 있어서 개선되었으면 좋겠습니다,4
"몸무게나 혈압관리도 되고, 만보도 걷고 하니까 건강에 도움이 많이 됩니다. 덤으로 포인트도 모을 수 있으니 일석이조랍니다.",5
저렴한 가격에 비대면으로 처방받을 수 있다는 점이 장점입니다. 한가지 아쉬운 점은 나닥의 문제는 아니지만 대면진료를 햇던 곳에서만 처방을 받을 수 있다는 점 ㅜㅜ 대면 진료가 특별히 필요없이 처방을 받을 수 있는게 장점이었는데 법이 바뀐게 아쉽습니다.,5
정말 실용적이고 좋은 앱이에요. 내주변의 병원을 최저가로 알아보고 진료받을 수 있고. 복약지도나 건강상식도 있고 다양한 건강기록을 저장하고 확인이 되니 다 좋아요,5
"동네 병원 중에서 최저가 진료 찾아보기... 좋아요~~게다가 네이버캐시로 교환되는 캐시 적립을 퀴즈, 체중 기록, 혈압 기록, 만보기 등등으로 적립 쉬워 좋아요",5
어제부터 접속이 안되는데 저만 그런건가요? 왠일로 걸음수 측정이 잘 된다 했는데 갑자기 알림은 계속 오는데 어플이 실행이 안되고 파란 화면만 계속 뜨니 아무것도 할 수가 없네요...,1
걷기 앱을 사용하다 우연히 알게 되서 나만의 닥터 앱을 다운받아 사용하는데 내 건강관리를 매일매일 기록으로 남길 수 있고 다이어트에도 도움돼요 몸무게 기록보면서요 제일 좋은건 포인트가 다른 것보다 조금 많이 빠르게 싸여요~,5
다양한건강퀴즈로인한건강상식과비대면진료등만보기까지있고건강체크하면서닥터캐시ㅡ닥터포인트까지모을수있어서너무좋습니다약간아쉬움은만보기가설정을잘해놓아도걸음수가틀리게체크되네요ᆢ,5
"나만의닥터 앱 사용으로 매일 퀴즈를 통해서 유용한 정보를 얻게 되어서 좋아요. 그리고 걷고, 약 먹는 것, 혈압등 내건강에 대해 체크하면서 포인트도 모아 커피등과 같은 기프트콘도 받을수 있어서 좋아요.",5
나만의 닥터를 통해 건강퀴즈도 풀고 정답을 맞추려 공부하게 되고 만보기 기능도 되고 아주 좋습니다.,5
원격진료로 편안하게 약 처방받았습니다. 걷기로 건강도 챙길수 있고 포인트 적립으로 상품권 교환도 가능해서 참 좋네요,5
지역이 맞으면 쓰기 상당히 괜찮은 앱입니다! 좀 더 지원되면 좋겠어요. 건강퀴즈도 도움이 많이 되네요.,5
앱 꾸준히 사용중인데 검색도해보고 소소하게 포인트모아서 깁콘으로 바꿀수도있고 정보도 얻고있어요~,5
지인 추천으로 이용하게되었는데 두번만에 무료 영양제7종 도 당첨되고 유익한 정보도 많이 얻을수있어서 아주좋은 앱입니다.,5
비대면진료로 편하게 이용하고 각각 분류별로 증상을보고 진료할수있어좋은거같아요~~~^^,5
"근처에 있는 최저가 병원을 찾기 좋아요. 앱에서 바로 예약 가능하고. 가장 활용도 높은 기능은 매일 먹는 비타민을 챙겨 먹을 수 있게 푸쉬 알람을 보내줘서 매일 깜빡하지 않고 잘 챙겨 먹을 수 있는게 가장 좋은것 같아요. 이전에는 내가 오늘 약을 먹었나 안먹었나 자기전에 고민하다, 요일이 써있는 약통을 사용했는데 1주일치 약을 넣어두는것도 귀찮고, 약통이 눈에 들어오지 않으면 그날은 못먹고 지나가더라고요.",5
"현재 매일 매일 사용하고 있고 건강체크도 가능하며 비타민 챙겨먹고 걷기운동도 되어서 너무 좋네요,그리고 같은 그룹을 만들어서 같이 응원해주는 기능도 좋습니다, 앞으로도 더 번창하고 좋은 서비스 바랍니다",5
"친구와 함께 건강 정보 확인하고싶어서 설치, 병원이 전북것은 제공이되지않아 아쉽네요... 예방접종 등 맞으러 가려고했는데...ㅠㅜ 그래도 유용한정보들이 많네요. 계란 씻어서 보관하면 안된다는거도 알고.. 깔끔한 화면도 좋아요~더 많은 건강정보 부탁드리겠습니다.건강하게 행복하게~",4
"내 건강을 챙길수 있는 건강한 앱입니다. 포인트도 모아서 사용할 수 있고, 여러가지로 도움이 되는 좋은 앱입니다.",5
근처병원 관련 정보를 손쉽게 찾을 수 있어 좋아요! 요즘 다리에 힘이 안들어가서 걸으려고 하는데 만보기가 동기부여되네요! 잘 활용해서 매일 점진적으로 꾸준히 걸으려고해요! 가끔 연동이 잘안되는 현상 개선부탁드립니다.,5
비대면 진료를 하기 위해 우연히 앱을 알아보다가 이 앱을 접하게 되었었습니다. 비대면 진료는 이제 안되지만 그래도 최저가로 처방받을 수 있는 병원을 확인해볼 수 있어 금액을 아낄 수 있어서 좋습니다. 그 이외에 만보기와 퀴즈로 포인트도 챙기고 건강과 챙길 수 있어서 이 앱을 꾸준히 이용 중입니다.,5
우연히 알고 시작했는데 매일 건강체크하게 되고 일부러 만보 채우게 되고 약도 꼭꼭 챙겨먹게 되고 무엇보다 건강퀴즈가 재밌어서 상식이 늡니다^^ 돈벌면서 배우고 운동하고ㅎ 진짜 너무 강추강추하고 싶어요!!!,5
"하루 하루 건강체크 할 수 있어서 좋아요. 덤으로 포인트와 건강상식까지.. 일석 삼조네여. 단, 포인트 사용처가 더 확대됐으면 좋겠네요.",5
"비대면 진료같은 기능은 사용하지 않았지만, 좋은 시스템일거 같습니다. 주로 만보기 앱으로 사용하는데 포인트박스를 통해 포인트를 모을수 있어 좋은거 같습니다.",5
다양한 병원정보늘 알수있어좋아요 그런데 만보기에서 걸음수가 전혀 체크가 안되네요 뭐가 문제인지 모르겠네요 잘 안되면 연동기능이라도 있음 좋을듯해요,4
"나만의닥터로 건강관리 하고있어요. 체중,혈압, 혈당,만보기등 여러가지 미션이 있어서 매일 기록하고 포인트도 얻어서 좋아요. 또 팀 만보기를 통해서 화합도 다지고 걷는 횟수도 늘어났어요. 다만 만보기 횟수가 부정확해요",4
비대면진료어플 유용하게 잘쓰고있습니다. 궁금한게 생기면 거의바로 답들을수 있어서 편리합니다 약처방 병원도 검색하기 편리하구요! 근데 걸음수는 제대로 연동이 좀 안되는것같긴해요ㅜ,5
매일매일 건깅퀴즈풀면서 상식도 늘리고 만보기기능도 사용하면서 캐시도 적립받아 유용합니다. 비급여항목 치료비 비교를 지도등을 통해 쉽게하는게 아니라서 좀 아쇱습니다.,3
"건강 정보도 퀴즈를 통해 재미있게 알 수 있고, 만보기를 통해 건강증진과 포인트 적립 두마리 토끼를 잡을 수 있어 적극 이 앱을 이용하고 있네요!",5
비대면 여러 병원과 진료를 알아볼수있어 유용하고 인터페이스도 갈끔하고 디자인도 눈에 잘들어오는 편이여서 시간이 절약되어 편리하다 느낍니다 이벤트나 만보기 포인트 기능도 있어서 소소하게 절약할수있는게 장점이라 생각됩니다,5
병원 예약과 최저가 찾기 좋아요! 근데 이젠 비대면 진료를 안해서 너무 아쉽..ㅠㅠ 포인트 전환이나 교환의 범주가 넓어지면 좋겠어요+,5
너무 좋은앱인것같아요 비대면진료는 물론이고 각종 미션과 퀴즈로 포인트 얻는 재미까지 친구들한테도 소개해서 좋은피드백을 듣고있답니다,5
개발자 관점에서 잘만든 앱같아요. MAU를 올릴 수 있는 컨텐츠들도 많고 적어도 하류에 한번씩은 들어가게 되었네요 아쉬운 점은 제가 현재 열 수 있는 박스와 미달성인 박스의 아이콘 차이가 없어서 미달성임에도 불구하고 계속 달성된줄알고 들어가게 되네요,5
편리하고 간편하게 쓸수있어서 좋네요. 코로나시국부터 썼는데 지금도 여전히 편리합니다.,5
얼마전에 알게된 앱이구요. 사용하기편하고 매일 퀴즈 맞추면 포인트박스 4개 줍니다. 약먹는거 체크해도 박스 한개 추가로주고요. 그외에 걷기나 혈압체크등 다양하게 박스얻는 방법이 있네요. 추천합니다,5
"동네 단위로 최저가 병원비를 쉽게 검색하고 비대면 진료도 요청할 수 있고, 건강에 관한 여러 정보를 자연스럽게 알 수 있게 해줘서 좋았어요. 저한테는 특히 탈모약 진단비 최저가 검색을 할 수 있고, 하루마다 알림으로 건강관리를 해줘서 고마운 앱이네요. 쭉 이용할게요.",5
"나만의닥터를 사용해보니 너무 좋습니다. 매일매일 적립되는 금액도 쏠쏠하고, 주기적으로 먹는 처방약을 간편하게 구매하는데 매우 좋네요. 추천해요.",5
나만의닥터 사용해서 많은 건강정보를 얻게되었어요~퀴즈풀다보면 건강에대해 몰랐던 내용을 알게되서 유익하고 때맞춰 약도복용하게되고 나를위해 스스로 건강체크하게되니 너무좋아요~,5
"병원 가격 비교 조건 설정했는데, 했다고 나오고는 진행이 없어요. 개선의지도 없고요",1
삭제합니다. 이번에 업뎃 후 강제 만보기 알림 때문에 앱 삭제해요. 요즘 시대에 스마트폰 알림 피로도가 심한데 이런거 강제로 되게 하면 좋아 할 사람이 없습니다. 알림 설정에 꺼도 창이 떠있네요. 거의 스팸같아요.,1
비대면으로 진료를 볼때는 최저가를 찾아서 가지않아도 좋았습니다만 이제는 못한다는것이 아쉽습니다. 영양제 핫딜은 선착순이긴 하지만 나이도가 높지는 않을거 같아요.,5
다운 받고 첫 예약까지 해보았습니다. 방문 하지 않고 병원에 전화로 설명 할 필요도 없이 간편하게 예약과 취소가 가능하네요. 만족합니다.,5
"건강퀴즈 풀면서 알게 된점도 있구요.선물상자 받아열면 포인트 주는데, 포인트 쌓는 재미가 있네요. 매일 만보 걷고 선물상자 4개 받아 열면 또 포인트 받을수 있습니다. 괜찮은 앱 같아요.",5
앱의 구성이 사용자입장에서 접근성이 편리하며 걷기운동 동기부여에 큰 도움이 되고있습니다.,5
매일 퀴즈를 통해서 몰랐던 건강상식도 알게되고 걷기운동으로 건강해지고 포인트도 모으고 일석이조라 할까요~~ 꾸준히 계속 할꺼에요. 참신하게 앱을 잘 만드거 같아요,4
매일 퀴즈풀면서 건강상식도 배울 수 있고 포인트 모아서 진료시 쓸수도 있고 걷기에 영양제 복용 체크까지 건강관리에 너무 좋은 앱입니다.,5
"몰랐던 건강상식도 많이 알게 되고, 나닥 덕분에 약도 꼬박꼬박 챙겨먹게 됩니다. 함께 걷기도 좋고 체중도 매일매일 체크해 다이어트에 도움 되요",5
독감 접종하려고 최저가 병원을 찾다가 나만의닥터 앱을 알게되었습니다. 병원찾기가 너무 편하고 사용도 간편하네요. 추천합니다!!,5
비대면 진료 관련 앱은 처음이어서 설치해봤습니다. 비대면진료뿐만 아니라 건강관리와 만보기 등 포인트를 적립 할수 있으니 더욱 좋은 기능을 가진 앱입니다.,5
포인트를 쉽게 쌓을 수 있어서 편리하고 좋습니다. 건강퀴즈도 은근 도움이 됩니다. 하지만 가끔씩 만보기 오류가 발생해서 그 점은 아쉽습니다.,4
병원비도 가격비교를 할 수 있다는기 너무 좋습니다. 그리고 이벤트 설마 될까하고 신청했는데 진짜 영양제도 보내줘서 너무 좋습니다.,5
만보기어플들 중에서 제일 걸음수 오류 많이 나는편입니다. 최적화 풀었는데도 이정도라서 만보기 자체는 최악이라고 보셔도 되는데 나머지 혜택이 괜찮아서 계속 쓰는 중입니다.,4
운동에대한 동기부여도 되고 건강지식도 쌓을수 있어서 좋습니다. 걸음수가 어떤시점 이후로 올라가지 않아요. 1도 변하지 않네요. 카운트방식 개선이 필요한거 같네요.,3
차곡차곡 포인트 쌓고 있어요. 건강상식도 늘어나고 영양제나 약도 시간 맞춰먹으면 포인트주고 만보기 기능도 좋은데 만보기는 잘 안될때가 많아요ㅠ 그래도 적립은 잘 되는 앱인듯♡ 앞으로 더 이용해볼게요^^,5
나만의 닥터를 사용해보니 너무 간편하게 미션수행이 가능하고~~ 또한 간단하게 문제를 풀면서 기초건강상식 및 건강약도 챙겨먹을수 있어서 너무너무 좋은 어플입니다. 강력추천합니다.,5
Ui가 한눈에 보기쉽고 깔끔해요 비대면진료라서 너무 편하고 텍스트로 증상을 입력하면 빠른진료를 볼수있는 병원부터 선택할수있고 예약시간에 딱 맞춰서 병원에서 전화가와요 ㅎㅎ 약처방만 받고싶을때 편한어플이에요,5
사용하는데는 설레는 마음을 가지도록 하며 화면도 깔끔하기에 한눈에 잘 들어옵니다. 혜택도 많은데 포인트까지 주니 안할 이유가 없어보여 사용 중인데 만족도 매우 좋습니다,5
나만의 닥터 앱은 건강을 관리하는데 필수적인 정보와 기능을 제공하는 훌륭한 애플리케이션입니다. 사용자 친화적인 인터페이스와 신속한 의료 정보 액세스로 건강 상태를 효과적으로 관리할 수 있어 흥미롭고 유용한 도구입니다. 이 어플은 건강을 더 나은 방향으로 이끌어주는 탁월한 도움을 제공해줍니다.,5
자동로그인이 계속 풀려서 앱 실행할 때마다 로그인을 해줘야해서 불편합니다. 그 외에는 포인트 적립도 많이 해줘서 좋은것 같아요,4
나만의 닥터 앱을 사용해봤는데요. 보기도 편하고 사용하기도 편한것 같습니다. 특히 건강관리 항목에서 만보기 등 자신의 건강을 체크 할 수 있어서 더 좋은것같습니다.,5
너무나 간편하고 적립도 꾸준히 하면 되고 어플 렉 오류고 적고 너무나 만족하며 잘 사용하고 있고 무엇보다 네이버페이 등등 교환 할수있는것도 많고 사용자를 위해 노력하는게 잘 보이는 강력추천할만할 어플입니다,5
영양제 100원딜로 알게 돼서 설치했어요 캐시가 잘 쌓이는 편은 아닌데 독감주사 맞거나 할때 유용하게 쓸수 있는 거 같아서 계속 쓰고 있습니다 앱이 불안정한지 작동중에 자주 꺼지는데 개선되면 좋겠네요,4
이렇게 포인트모으기가 쉬운 제테크앱이 있을까요 물론 본기능인 주변 병원찾기부터 예약서비스까지 완벽합니다. 앞으로도 계속 발전하는 나만의닥터 되길 바랍니다,5
"처음에는 만보기 용도로만 설치를 했습니다. 하지만 만보기로 사용하면서 주는 닥터캐쉬, 닥터포인트 가 쌓이는 재미가 있어서 하루에 적어도 4000보이상 만보까지도 꼭 채우려 조금이라도 더 걷게되네요 ㅎㅎ 그리고 약 먹을시간도 설정해놓으니, 이전에 하루 걸러 먹던 복용 약, 보조제 등 잊지 않고 먹게 되서 조금더 건강해지는 기분입니다. 매우 효율적이라 별 5개 박아여",5
여러가지로 편리하고 좋아요. 이벤트도 많이 하고 평소 건강상식정보도 많이 알려주고 도움 많이 받네요. 정보 보면서 포인트도 쌓고 일석이조. 추천합니다.,5
만보기앱 보안이 필요해 보입니다 열심히 걸었는데 카운팅 안되어있으면 얼마나 허무하던지...그외 포인트도 모을수 있고 물품구입 비대면진료까지 매우 유용한 앱인거 같습니다.,4
처음에 앱들어갔을때는 걸음수를 만보넘게 했는데도 잘 측정안되더니 지금은 제대로 됩니다 건강정보퀴즈로 몰랐던 지식들을 알게되어 유용하게 쓰고있습니다 다만 걷기 모임은 마음에 맞는지인들을 찾기 드물어 저한데는 불필요하네요.... 그것말고는 잘 이용하고 있습니다,4
매일매일 업데이트 되는 건강퀴즈나 만보기 기능을 통해 캐시를 얻을 수 있어 좋습니다. 특히 영양제를 사놓고 깜빡 깜빡하는 저에게 약 챙겨먹을 수 있게 한 건 정말 좋았어요. 앱을 통해 돈도 벌고 건강 관리를 함께 할 수 있다는 점이 좋습니다.,5
나만의 닥터를 통해서 건강관리가 가능하고 만보기를 통해서 포인트를 획득히기 쉽고 나의 건강검진 결과를 분석하여 해야할 운동과 식단을 괸리해주는 유용한 앱 입니다~~,5
선생님들도 모두 실력이 뛰어나시고 비대면으로 하니 편리하고 시간도 절약되고 너무 좋은거 같습니다 앞으로도 많은 도움을 받을거 같습니다 굿굿,5
초보자도 쉽고 어렵지 않고 간단 명료하게 사용할 수 있어 포인트 적립 밓 사용내역도 싑게 볼수 있어 좋습니다 비대면 진료앱 중에서는 적극 추천합니다,5
포인트적립도 잘되고 종류도 여러가지여서 재밋게 하고있어요 카테고리 찾기도. 어렵지않고. 앱이 사용하기편리합니다,5
가격비교가 되서 편리하게 최저가로 독감주사도 맞고 매일 퀴즈풀거나 걷고 포인트를 쌓아 이용할 수 있어서 너무 좋아요! 앱 자주 사용할것 같아요,5
"시간 많이 뺏기지 않고도 만보기, 혈압, 혈당 체크하며 캐시와 포인트도 듬뿍 챙기고 또 건강 관련 퀴즈는 건강 상식에 크게 도움이 됩니다. 역시 퀴즈를 풀며 캐시와 포인트도 챙기지요. 다른 앱 다 지워도 요건 안 지울겁니다.",5
위젯어플때문에 불편했는데 개선되서 좋아요. 하지만 이제는 더이상 비대면 진료를 받을 수 없다는거... 저는 지방살아서 그런가 사용할 수 있는 병원이 없네요...너무 아쉬워요.. 대도시분들은 필요한 진료별 가격비교하기 좋아요.,5
독감접종 가격비교가능해서 편리하게 검색하고 저렴하고 예방접종 하고 왔습니다. 다만 병원에서 예약취소 하는바람에 포인트를 사용못해서 조금 아쉬웠습니다. 어플이 많이 활성화되길 바랍니다,4
전체적으로 처음 사용자도 쉽게 사용할수 있도록 어플이 잘 되어 있습니다. 병원예약이나 만보기 등 기능들도 좋고 앱 활용도가 훌륭합니다.,5
처음에는 이벤트때문에 설치를 했는데 점점 어플을 사용할수록 실생활에서 건강 챙기기에도 도움이 되고 메뉴가 직관적이라 사용하기 어렵지않아 좋았어요,5
비대면 진료도 할 수 있고 포인트도 모을수 있는 앱이라서 유용하게 사용할거 같습니다 다만 걸음수가 제대로 적용되지 않는 단점은 있네요,4
병원 검색하기도 편하고 미리 예약해서 시간도 절약할 수 있어서 좋아요. 비대면에 가장 적합한 어플이지 않을까 싶네요.,5
"최저가 병원도 간편하게 조회되고, 비대면으로 약도 처방받을 수 있어서 개인적으로 만족합니다! 포인트 연계나 지원이 더 많이 되면 좋겠어요! 만보기도 잘 활용하고 있어서 건강을 위한 걷기에도 도움됩니다!",5
다행히 건강한 편이여서 병원진료는 잘 받지 않지만 혈압 혈당 등을 확인하고 입력하는 과정에서 다시 한번 내 건강에 대해 경각심을 가질 수 있어요 게다가 그에따른 캐시도 주니 더욱 좋구요 건강퀴즈나 만보기 등 캐시 받는 방법도 다양해요,5
퀴즈를 풀면서 건강상식도 늘려갈수 있고 포인트박스는 덤입니다. 열심히 모은 포인트로 음료쿠폰 교환도 가능하고 비대면 진료시 사용도 가능합니다.,5
건강 정보도 알려주고 인터페이스도 편해서 자주 써요 비대면 앱 중에서 제일 편했어요,5
최고입니다. 체중관리는 물론 약 챙겨먹는 것 그리고 건강 상식과 맞춤형 병원을 가까이에서 찾을 수 있도록 정말 꼼꼼한 정보로 도와 주셔서 고맙게 잘 사용하고 있습니다.,5
걷기와 퀴즈 체중 등록만으로도 광고없이 포인트를 받을수있고 포인트도 많이줘요~ 그리고 쌓인 포인트로 연계된 병원에서 차감도 가능하고 너무 좋아요^^,5
"만보기,체중기록,혈압.당료관리와 유익한퀴즈풀이등 너무실생활에 도움이되어주면서 포인트로 생활에 필요한 여러가지를 활용할수있어서 너무 잘쓰고있습니다 강력추천합니다",5
"사용도 편리하고, 요긴한 정보들을 추천해주는 알짜앱이네요! 이벤트도 많아서 쏠쏠해요",5
나만의닥터를 통해 영양제 6종을 공짜로 받아 잘 먹고 있으며 건강상식 및 걷기로 인해 1000보도 걷지 않던 제가 만보도 걸으며 건강관리를 하고 있네요. 너무 좋은 앱입니다,5
간편하고 쉽게 예약과정과 평상시 알지못하는 건강상식등 여러 퀴즈와 체중 만보기 등등 여러가지로 건강에 신경쓸수있게 해주면서 참여까지하면 닥더캐시와 닥터포인트로 다양한 혜택까지 정말 좋은 어플 이에요,5
"단순 병원찾기 어플인 줄 알았으나 각종 영양정보, 건강 명언, 미션, 캐시 적립 등 여러가지가 있어서 재밌어요.",4
보상 받을 때 로딩이 너무 심각함. 어플 최적화가 별로...,1
근처 병원 검색도 편리하고 매일 건강퀴즈로 지식과 포인트를 쌓아갑니다. 처음과 포인트 방식이 바뀐거 빼고는 좋아요 ^^ 앱테크 해보세요,4
매일매일 새로운 퀴즈를 통해 몰랐던 상식을 알게되고 포인트까지 받으니 너무좋습니다. 걸음수 기록을 통해 추가로 포인트 적립도 되네요. 적극추천합니다~,5
앱에서 많은 정보를 알아갈수 있고 매일 퀴즈를 풀면서 하나씩 배워갑니다. 그리고 신체체크도 매일 할수 있어서 좋아요.,5
정리도 잘 되어있고 보상도 좋고 사용하기 편합니다. 앞으로도 쭉 사용할즛,5
만보기 포인트 받으려 가입했습니다만 어플에 들어가면 의학상식도 많이알려줘서 도움이 됐고 병원예약도 쉽게 할수있으니 자주이용하게 되는 어플이됐내요 추천드립니다,5
병원을 쉽게 찾아 볼수 있고 건강정보도 얻을수있는데.. 포인트까지적립 할수있고.. 포인트로 결제까지 할수 있어서 넘 좋아요..,4
나만의닥터를 이용하고 건강을 잘 챙기고 있습니다 거기다 보너스로 포인트를 모아서 네이버페이포인트도 받아서 유용하게 잘 쓰고 있습니다^^,5
건강 퀴즈를 통해 의학 정보도 얻고 저에겐 유익한 앱입니다 병원 예약도 편하고 자주 이용하고 있네요 너무 좋아요!!,5
"포인트 모으는게 쏠쏠해서 좋구, 다양한 정보들이 많아서 도움이 많이 됩니당! 병원정보도 알아볼수있는점이 편리했어요♡",5
나만의닥터 앱을 1년정도 사용하고 있는데 진짜 좋은 정보들을 얻을 수 있고 또 캐시 모아서 네이버페이랑 교환도 되니까 너무 찐찐 좋아요♡,5
간단한 건강 상식과 잊고 지날 수 있는 약복용 체크 및 건강관리 체크까지 유용히 사용 할 어플이네요 보너스로 소소히 모이는 포인트로 이벤트도 참가 가능하고 좋습니다,5
"상시 복용약을 등록하면 알람으로 놓치지 않고 먹을 수 있고 건강퀴즈로 지식도 향상되며, 체중,혈압,혈당관리, 만보걷기까지 할 수 있어서 너무 좋습니다.",5
"응모할 수도 있고, 오늘 내 걸음 수를 알 수 있어서 좋아요! 근데 한 번씩 걸음 수가 측정안될때가 있어서 오류만 좀 없어지면 좋을 것 같아요",5
여러 건강정보를 퀴즈를통해 알수있고 포인트도 얻어서 좋네요. 크게 신경안쓰고 앱테크할수있어 좋습니다.,5
건강 상식도 알려주고 나에게 필요한 정보도 제공 해주고 좋네요 아직 사용 방법은 서툰 것 같은디 익숙하지면 괜찮을 듯해요,5
"건강에 관련된 유용한 정보들이 많아서 도움이 많이 됩니다~! 만보기,퀴즈 등 여러가지 참여할수 있는게 많고 건강 상식들도 많아서 쏠쏠하게 사용하기가 좋습니다",5
비대면 진료 신청하고 진료 받기도 편리하고 앱안에 다양한 건강관리 메뉴도 잘되있으며 이벤트도 많아 재미도 있네요~~,5
건강 상식도 키우고 적지만 포인트 모으느 재미가 쏠쏠합니다. 포인트는 현금과 같이 쓸수 있는 네이버 포인트도 있어 좋습니다.,5
내 건강을 지켜주는 기초앱! 잘 활용하고 있어요.^^ 단지 만보기 걸음수 체크부분이 일부 보완 필요합니다.^^ ㅡㅡㅡㅡㅡㅡㅡㅡ 업데이트 후 만보기 오류가 생겼어요..ㅡㅡ 계속 올라가네요..ㅡㅡ 오늘 100만보를 걷게된..ㅡㅡ,4
"혈압, 체중,약먹는 기타등등 관리할수 있어서 너무좋아요 특히 최저가 병원 찾기가 정말대박입니다",5
나만의 닥터 앱 정말 유용한것 깉아요. 건강상식도 알게 되고 포인트도 타 앱에 비해 잘 쌓이네요. 추천합니다.,5
"여러모로 너무 편합니다. 코로나 증식 시대때 가입해서 지금도 계속 쓰고 있네요. 특히 바깥으로 나가기가 힘든 사람들, 늦게까지 일하는 경우 약 처방받기가 하늘에서 별따기인데 유용합니다.",5
"처음에 다이어트 주사를 알아보다가 알게되었는데, 확실히 혜택도 많고 사용만족도가 좋았다 최근에는 건강정보와 관리까지 해주는기능이 있어 추천하고 싶다",4
나만의 닥터 덕분에 걸음도 많이 걷고 한결 건강해진 느낌입니다. 건강지식도 전해주고 여러가지로 편리한 앱입니다. 걸음인식이 잘 안되는 점이 약간 불편하네요.,4
앱 덕분에 최저가로 처방받아서 잘 복용하고 있습니다. 매일 퀴즈풀며 건강상식도 많이 배우고 있습니다. 앱 추천해요^^,5
걸음수가 가끔 정확하진 않지만 다른어플에비해 광고도없고 유용한듯하네요,5
나만의닥터 최곱니다. 걷기 운동하면서 포인트 챙기고 이벤트도 많아서 포인트 쌓는 재미가 쏠쏠 합니다.,5
잘 이용하고 있는 어플입니다. 건강퀴즈를 통해서 포인트도 얻고 건강상식도 얻을 수 있어 매우 유용합니다.,5
병원찾기에도 도움이 되고. 매일 걷기. 영양제 먹기 등 매일 건강챙기기에 도움되어 좋아요,5
건강관리에 주의기울게 되고 건강정보 도움도 유용합니다 캐시적립도 나름 재미있고 앞으로 더 이용할 것 같습니다,3
나만의닥터 나의 건강도 챙기고 간단한 정보로 캐쉬도 모아모아 깁콘도 구입할수있고 앞으로 꾸준히 함께 하고픈 앱이예요,5
매일 퀴즈 참여해서 닥터캐시로 네이버포인트 교환해 사용하는데 정말 쏠쏠해요. 퀴즈로 건강정보도 알 수 있어 일석이조에요!,5
다시 편하게 비대면으로 처방받는길이 많아졌으면 해요. 나만의닥터는 매우 유용한 건강관리앱이에요,5
비대면진료 지원하는게 획기적이네요 소소하게 앱테크로 용돈벌이도 됩니다 건강상식도 있어서 유용합니다,4
사용하기도 편하고 퀴즈풀고 만보만 걸어도 리워드가 쌓여요..핫딜 시간에 맞춰서 참여하면 100 원에 다양한 영양제를 받을수 있어요,5
잘사용하고있어요. 여러가지정보도 얻고 유용한 앱입니다. 다만 만보기가 가끔 먹통일때가있군요,5
비대면진료도 받을수 있고 만보기와 퀴즈까지 있어서 매일 애용하고있는 앱이에요 아주 좋습니다,5
나만의닥터 최고의앱잘 사용하고 있습니다 건강 정보와 포인트 모의는재미 너무좋아요^^ 강력히 추천합니다!!,5
사용하기 편하고 건강관리에 도음돼요 포인트적립도 잘 되고 좋아요,5
가끔 앱이 먹통될때가 있지만 매일매일 건강상식도 쌓고 만보기도 하고 여러모로 유용합니다. 추천!!,5
전화하지않고 바로 앱으로 진료 예약할 수 있는게 편해요! 병원관련 앱중엔 나만의닥터가 제일 좋은것같아요,5
재미있고 알찬 의학상식도 알수 있어서 좋습니다. 매일매일 건강관리도 하게되서 계속 이용할거같습니다.,5
문제풀며 상식도 익히고 포인트도 얻는 일석이조 앱 추천합니다. 하루하루 체크하며 건강도 챙겨요,5
유용한 정보도 얻을수 있고 다양한 미션을 통해 포인트를 얻을수 있어 좋아요 사용하기 쉽고 편리합니다,5
편리하게 건강관리를 하면서 걸음수로 포인트를 얻을 수도 있고 동네 최저가 병원도 알려주며 건강관리에 유용한 앱이네요.,5
병원도 추천받고 건강퀴즈를 풀면서 건강상식도 얻으면서 현금처럼 사용할수 있는 포인트까지 받을수 있는 앱입니다.,5
"정보도 많이 얻을 수 있고, 개인 건강기록을 기록해둘 수 있어서 좋아요. 거기에 포인트를 얻어서 네이버 포인트로 바꿀수도 있구요",5
우연한 기회에 깔게 되었는데 매일 퀴즈풀고 만보걸어서 네이버캐시로 바꿔가며 잘 쓰고 있어요! 매주 혈압.혈당.몸무게 기록해도 캐쉬가 모여요~,5
"나만의닥터 건강을 챙길수 있는앱이에요 영양제,혈압,걷기,혈당,몸무게등을 체크 하면서 포인트도 얻고 아주유용해요 한번씩 걷음수 안올라가는 오류 고쳐주세요",4
다양하게 닥터 포인트 및 닥터 캐쉬를 얻을수 있는데 건강에 도움이 되는 방식으로 적립을 할수있어 두마리 토끼를 다 잡을수 있네요,5
"걷기와 체중,혈압관리,건강퀴즈 등으로 아주 잘 사용하고 있습니다 무엇보다 광고가 없어 너무 좋으네요",5
건강기록하고 포인트를얻을수 있어서 좋네요 약복용도 체크가능하고 건강관리를 재밌게 할수있어요,5
사용하기 쉽고 편리해서 좋아요 리워드를 쉽게 쌓을수 있어서 포인트 얻기가 좋아요,5
리뉴얼되고나니 인터페이스도 직관적이고 앱테크용으로도 괜찮은것 같네요^^,5
"포인트 엄청 많아서 병원비로 낼수도 있고, 커피도 마시고~~강추합니다!! 만보기가 가끔 작동을 안하는데 이것만 좀 고쳐주세요.ㅋㅋㄱ",4
사용하기 편해서 좋아요 비대면뿐아니라 걷기나 퀴즈같은것도 있어 캐시도 얻을 수 있어 더 좋아요~,5
"아이 독감 맞으려고 이걸로 검색해서 아이 무료독감 병원도 찾고, 포인트로 독감주사를 저렴하게 맞음.. 포인트도 잘 쌓여서 좋아요!!!",5
앱 다운받고 몇개월 사용해보니 만보 걷고 포인트얻고 기타 여러가지 포인트에 건강상식도 알수있고 너무 좋아요,5
나만의 닥터 처음에는 리워드 앱으로 알게 되었어요. 리워드 받는 재미도 있고 유용한 정보도 알려줘서 좋습니다~ 추천해요~,5
독감주사를 맞기 위해 나만의 닥터 어플을 다운받아서 설치했어요. 아주 유용한 정보가 많아서 자주 찾아올거 같아요,5
주요 약품별로 주변 최저가 약국을 찾아볼 수 있어서 매우 편리한거 같네요 앞으로 많이 쓸거 같습니다,5
건강퀴즈를 풀어서 상식과 지식이 더욱 늘어나고 영양제이벤트까지 너무 만족합니다.필히 추천하고 싶습니다^^,5
유용한 정보도 얻고 캐시도 받고 정말 좋아요!!사용하기도 편해서 더욱 좋네요~,5
"병원에 대한 정보를 얻을 수 있고, 걸음 만보기로 건강도 챙기고, 좋은 앱이네요. 매일 사용하고 있어요.",5
인공눈물 처방받을 때 유용합 앱! 이었는데 이제는 30일기준이 생겼고 진찰받은 병원이 앱에는 없네요... 퀴즈랑 혈압측정 체중 만보기 등은 매우 만족합니다.,5
아플때 유용하고 걷기운동과 건강상식 퀴즈풀기로 포인트도 주고 일석이조입니다!!,5
아주멋집니다. 캐시모우기도 규모가커요.계속 좋은 앱으로 남아주셨음 너무 좋겠어요!,5
나만의닥터 만보기도 되고 약먹을 시간도 알려주고 여러가지 컨텐츠도 잇고 좋은것 같아요,4
"처음에는 걷기운동을 위한 만보기 기능 사용 목적이었으나, 이젠 건강 관련된 유용한 정보를 획득하는 용도로도 많은 도움이 됩니다.",5
"만보기 기능에 오류가 많고, 이제 비대면 제한이 많아 서울쪽 이용 못하는데, 지역에 저렴한 병원이 리스트에 없네요. 저렴한 병원 적극 발굴 부탁드려요.",3
간단하게 나의 건강정보만 입력하면 캐시 얻기도 쉽고 병원 진료비 저렴한 곳도 알수있어 좋네요,4
유용한 정보와 혜택이 많아요 건강정보도 많이 얻을 수 있구요. 급할 때 전화처방 받았는데 좋았어요,4
딸이 알려줘서 같이 걷고 캐시도 쌓으면서 건강관리 하고 있어요! 흥미로운 콘텐츠들 준비해 주셔서 감사합니다^^,5
단순히 약처방이 저렴해서 다운받았는데 건강관련 꿀팁도 많고 자잘하게 도움되는게 많은 어플입니다,5
"병원 대기 줄이고 최저가 진료 찾을수 있어 짱 좋아요, 매일 퀴즈 풀기 그리고 만보기 등등 캐시 적립도 쏠쏠해서 도움 많이 됩니다!!",5
매일 각종 건강 상식들을 접할 수 있어서 도움이 많이 됩니다 그리고 최저가 병원 검색이나 포인트를 모아서 사용할 수 있어서 좋아요,4
비대면 어플 생각보다 너무 좋고 퀴즈를 통해 모르던 상식까지 알려주어 유용합니다.,5
매일매일 건강이 좋아지는 미션을 통한 혜택뿐만 아니라 실질적으로 약도 잘 구할수 있어 좋아요,5
걷기앱을 알아보다가 알게된 앱인데 약먹기 체중 혈당 건강 기록도되고 최저가 검색 서비스도 편하고 무엇보다 걷기운동중이라 만보기어플도 잘 사용하고있어요,5
놓치기 쉬운 의료상식을 알려주어서좋아요 내용도 손쉽게 확인할수있고 병원도 검색하기좋아요~,5
비슷한 어플들 많은데 제일 사용간편하고 이벤트도 많아서 포인트모으기도 쉽게 좋아요!,5
이거 은근 도움되요. 건강퀴즈도 도움되고 만보기 인센티브도 있어서 매일 열어보게 되네요..강추.,5
이 앱을 깔면 묻지도 따지지도 않고 끊임없이 알림을 보냅니다. 설정에서 끌 수 있다고요? 처음부터 물어보고 보내면 어떨까요?,1
건강퀴즈 앱테크로 시작했는데 주변 병원 정보도 얻을 수 있고 비대면 진료도 볼 수 있어서 너무 유용하게 잘 사용하고 있어요,5
비대면 진료때부터 잘 쓰고 있는 어플입니다. 현재는 주변 병원 정보와 포인트 모으기로 잘 쓰고 있어요.,5
사용도 편리하고 건강정보도 얻을수 있고 포인트도 모으고 좋아요.,5
"코로나 시절 비대면 진료로 나만의 닥터 처음 시작했는데 건강상식부터 퀴즈, 만보걷기까지 소비자에게 정말 유용한 앱이에요. 포인트 쌓는 재미도 쏠쏠하고 무엇보다 내 건강챙기기 필수앱이네요.",5
코로나 시절 비대면 진료보기 넘 좋았습니다. 지역 병원도 많이 참여한다면 이용하기 더 좋을 것 같으네요.,5
비대면병원앱중엔 편의성최고인거같습니다 또한 각종포인트혜택이 정말 풍부해서 계속손이가네요 감사합니다,5
가까운 지역의 진료비나 주사 가격 약품가격을 볼수있어 너무 편리했어요. 포인트 제도로 진료비 할인도 받았어요~!!,5
나만의 닥터는 추가광고없이 혈압 몸무게등을 기록하여 개인건강확인에 상당히 도움이 되고 포인트로 기프티콘까지 살 수있어 일석이조의 가치를 가지고 있네요,5
출근해서 확인하니 접이 안되서 삭제하고 다시설치.. 안내도 없는 업데이트였음 이해함 근데 역시나 타사 앱 만보기는 몇천이 되가는데 여기 만보기는 0 첨부터 다시 걸으랜다 .. 만보기 대대적 개선 부탁합니다,1
덕분에 싸게 독감백신 맞을 수 있었습니다. 감사합니다. 다른 백신들도 추가해서 검색되면 좋을 거 같습니3ㅏ!,5
간단히 최저가 진료 받을 수 있고 건강정보도 알수있어서 유용한 앱인것 같아요 너무 좋아요,5
앱 쓰기 편안하고 무척이나 좋네요. 일일이 병원 안들려도 되고 현대인한테 꼭 필요한 앱이라고 하더라구요.,5
"만보기 등 닥터캐쉬 및 닥터포인트 적립과 사용도 편하고, 병원관련 정보수집도 용이합니다!",5
비대면 진로 받으려고 다운받았는데 ui가 너무깔끔하고 리뷰 통해서 꿀정보도 얻을수있어서 좋네요. 자주 애용할듯합니다,5
나만의 닥터 너무 좋습니다. 퀴즈도 풀고 건강상식 및 지식도 늘어나고 만보기 기능에 친구. 지인 가족들과 즐겁게 건강하게 걷고 포인트도 받고 일석이조네여. 강력추천합니다,5
메뉴도 사용하기 편리하구요 병원관련이나 이벤트 혜택도 굉장히 많아서 만족합니다,5
다양한 이벤트로 지속적인 관심을 유도하고 건강 관련 정보와 꿀팁 등이 유용합니다. 분야를 좀 더 넓혔으면 좋겠습니다.,5
나만의 닥터를 통해 매일 돈버는 건강퀴즈를 통해 건강에 좋은 정보를 얻을수 있고 캐시도 얻을수 있어 좋습니다. 이외에도 만보기로 캐시를 얻을수 있고 체중기록과 혈당기록 그리고 혈압을 기록해서 캐시를 얻을 수 있습니다.,4
병원간 주사비등 비용 비교가 가능해서 너무 좋습니다. 정책으로 비대면 막힌건 좀 아쉬워요.,5
걸으면서 포인트도 쌓이고 건강을 최우선 으로 생각 하는 마음이 생기도록 만들어 주는 어풀임. 강추합니다.,5
코로나 시절 비대면 진료로 편리하게 처방전 및 택배로 바로 약을 받을 수 있어 좋았습니다. 또한 매일 만보기 및 퀴즈로 정보를 얻을 수도 있어 좋은 앱이네요 ^^,4
비대면진료 최고였어요..갑작스레아팠는데ㅠ 진료받고약받기까지 한시간정도밖어안걸린것같아요ㅡ병원도약국도너무친절하셔서 기억에남아요,5
사용하기 편하고 나름 중간중간 포인트를 줘서 나쁘지 않아요~ 나름 만족,5
정말 너무좋은 유용한앱입니다. 열심히 걷고 퀴즈맞추고 선물박스 열어 캐쉬마니모아서 네이버포인트도바꾸고 앱을 통해 이것저것 유익한정보도 알게되고 넘 좋은거 같아요^^,5
너무 좋어요 이런 어플은 처음인데 의사선생님들이 친절하게 많이 자세하게 알려주십니다 진료 도 편하고 좋네요 이제야 알게 되었다니!,5
건강에 대한 궁금사항을 퀴즈형태로 풀게하여 궁금했던 내용도 알게 되고 포인트도 제공하고 있네요.,4
지인 추천 으로 설치하게 되었는데 포인트 적립이 많이 되네요! 퀴즈 풀며 건강상식도 많이 얻어서 좋아요 병원 갈 시간이 생각보다 잘 안나는데 비대면 진료라 쉽게 진료 받을수 있어서 편해요^^,5
나만의 건강 정보를 기록하고 관리 할 수 있어서 좋고 건강 상식 정보를 퀴즈로 풀어 보면서 잘 못 된 상식을 바로 알 수도 있어서 좋 습니다 만보 걸음 걸이를 매일 꾸준히 관리 할 수 있어 나의 건강에 많은 도움이 됩니다. 👍,4
편리하고 좋아서 잘사용하고있어요 이번에 접종도 나만의닥터로 받았네요,5
쉽고 간편하게 비대면 진료받을 수 있어서 너무 좋아요 꾸준히 사용할게요,5
나만의 닥터에서 매일 건강퀴즈 맞추면서 알게되는 지식들이 많아지고 덤으로 포인트 모아서 네이버페이 포인트도 받으니 정말 좋은 것 같아요!,5
정말 편리하고 혜택도 많고 좋은 것 같습니다 진짜 언택트진료 어플은 이게 최고인듯,5
우연히 알게되어 하고 있습니다! 처음엔 만보기가 살짝 불안했으나 지금은 괜찮네요! 확실히 다른 앱보다 적립이 많이 되어 좋습니다!,5
"누구나 손쉽게 만보기로 운동을 하며 활기찬 생활을, 영양제 먹으면서 면역력 높이고 건강한 삶을, 쉽게 캐시를 모아 친구들과 맛있는 커피도 먹고, 나도 모르게 쌓인 포인트로 병원비도 절감할 수 있는 1석4조의 앱테크.",4
비대면으로 진료 가능 할 때부터 유용하게 사용했습니다. 대면진료시 예약도 편리하고 최저가를 알 수 있는 점이 좋습니다.,5
매일 출석하는 건강관리 항목이 있어 동기부여가 확실히 되고 걷기 등도 세분화 되어있어 타 걷기앱에 비해 좋습니다. 활용도가 높은 일반포인트와 병원에서 사용이 가능한 닥터포인트도 있어 실용성이 높다고 생각되네요 앞으로 잘 사용하겠습니다,5
병원가서 진료 받을때 대기시간이 너무 오래걸리는데 나만의닥터 어플을 통해서 비대면 진료로 대기시간도 줄이고 편리하게 진료 받을수 있어서 너무 편리한 어플이에요 적극 추천드립니다 만보기 기능도 있어서 건강에도 너무 도움이 됩니다.,5
너무 좋아요 앱도 편리하게 잘 배치되어있어요 비대면 진료가 되다니 정말 세상 좋아졋어요,5
"나만의닥터 앱을 사용해보니 병원 방문예약도 있고,만보기,등 나한테 필요한 앱인거 같습니다. 나만의닥터 번창하세요.",5
"바료진료라고 써있는데 접수하면 계속 취소됩니다. 다른 의사들 3번이나 시도했는데 게속 취소돼서 결국 진료도 못받았어요. 어떤 분은 예약시간 15분 지나서 취소를 하시던데, 이러면 병원 직접 갈수있었는데 이거 기다리다가 이러지도 저러지도 못하는 상황되는거죠. 진료도 솔직히 제가 쓴거 읽고 처방만 해주고 끝이던데요. 문제많습니다.",1
도대체 뭐가 문제인지 걸음수 카운트가 제대로 안 되네요. 건강하려고 하는 건데 엄청난 스트레스를 경험하며 걷고 있어요. 예를 들어 15000보를 걸어도 12보 걸었다고 하네요. 한마디로 스트레스 주는 앱이네요.,2
로그인 하라해서 로그인했더니 본인인증하라하고 본인인증헀는데 로그인이 안되고 자꾸 본인인증창으로 다시 넘어가고 뭔데요 대체,1
건강관련하여 아주 우용한 앱이니다. 다양한 정보와 새로운 소식에 많은 도움이 됩니다.,5
재밌어요 ㅎ 퀴즈도 매일 풀어서 건강지식도 얻을수 있고 포인트박스도 얻을 수 있어서 좋아요,5
내용은 좋은 어플인데 만보기는 짜증나게 만드네요~걸음체크가 제대로 되지않고 멈춰있습니다. 재실행해도 마찬가지네요.,3
간단하게 포인트 적립 되고 건강문제 풀면서 지식도 얻을 수 있어서 유용해요,5
집 주위 병원도 쉽게 선택할수 있고...만보기도 할수 있어 일석이조네요.,5
사용해보면 좋다는거 느낄듯 병원 정보에 이런저런 건강정보까지 제공해주고 덤ㅇ로 각종 포인트에 백원딜로 영양제까지!,5
포인트박스도 후하게 주고 건강퀴즈로 상식도 배우는데다가 함께걷기 통해서 다같이 으쌰으쌰 건강과 혜택 챙기는 좋은 어플입니다,5
정말 만족하는 앱입니다. 매일매일 나의 건강체크에다 퀴즈를 통한 건강정보 습득까지.. 추천합니다.,5
건강관리에 유익합니다 기록해가니 매일의 상태를 확인할수있고 지속하고자하는 동기부여가됩니다 감사합니다,4
일단 건강어플중에 포인트를 가장 많이주는거 같구요 미니포인트 얻는 재미도 쏠쏠합니다ㅎㅎ,5
규칙적인 생활을 하면서 보상까지 받을 수 있어서 좋음. 건강 지식 배우는 것도 좋음.,5
건강정보에 대한 상식을 배우면서 내가 놓칠수 있는 알약까지 챙겨주는 어플! 추천합니다.,5
"올 봄, 여름에 병원에 갈 시간 내느라 애먹는 저에게 친구가 나만의닥터를 추천해주었어요. 비대면 진료에 약간 거부감 있었지만 세상 편하고 좋더라구요^^!",4
"건강에 도움이 되는 많은 의료정보도 보고, 케시와 포인트도 받아서 좋아요.",5
유용한 정보도 알게되고 포인트도 쏠쏠하게 모여서 아주 유용하게 사용하고있어요,5
"꼼꼼하고, 유용한 앱이네요~ 대면 예약도 편리하고, 후기로 병원에 대해 미리 알고갈수 있어서 신뢰가 갑니다. 거기도 쏠쏠하게 포인트가 쌓여서 진료비나 기프티구입도 유용하네요.",5
예방접종 비용을 비교하고 싼곳을 찾을수 있어서 좋았어요 간편하기까지 하구요,5
건강체크할수있어서좋고 포인트받는즐거움도있고 속도가빨라져서 좋습니다,5
건강관리도 하면서 포인트 얻는 재미도 쏠쏠한게 이 어플 정말 물건이네요.,5
다른 어플들보다 혜택이 많고 혜택을 받는데 광고 조회나 클릭수가 많은 불편함이 없어서 좋아요.,5
비대면진료면 진료비가 비쌀줄 알았는데 그렇지않고 편리합니다 정말 강추에요.,5
"비대면진료가 필요한 현시대에 너무나 유용한 어플이네요 비대면으로 처방받아 약을탈 수 있어서 편리합니다. 신체체크도 할 수 있고,만보기 있는것도 좋네요",5
사용하기 편하고 기타 혜택도 많이 주고 있어서 가입해서 사용하지 않을 이유가 없을거 같아요 추천합니다,5
건강상식울 쌓고 평소 건강관리에 유용합니다. 고객센터 응대도 빠르고 친절해요.,5
"유용한 정보와 비접촉진료시 앱을 편리하게 사용하고 있어 좋은 반면,,예전보다 포인트 적립이 줄어들어 아쉽습니다ㅎㅎ",5
"만보기앱 찾다가 유튭에서 발견하고 가입 1만보 걸으면 행운상자4개,약 복용시 1개 기타등등으로 상자 모아 포인트 획득하고 네이버페이로 교환하고잇음 건강과 포인트 동시에 획득 가능해서 계속할 예정",5
만보기랑 건강관리에 포인트 받으니 좋네요~ 만보기가 ok 캐시백 만보기랑 충돌나면서 서로 걸을때마다 서로 앞으로 나오네요... 고쳐주세요~,4
잊기쉬운 건강 체크를 할수있어서 도움이되네요 덤으로 포인트 추가로 페이 구매도 가능해 많이 좋네요,5
만보기와 퀴즈 푸는 걸로 캐시 모으기도 좋아요. 건강정보도 알 수 있어서 유용해요!!,5
독감주사 가격 비교할려고 깔았는데 정보가 충분히 표시되지않더라고여.근데 여러기능있어 깐김에 사용해볼라고여,4
간단한 질병이나 그런걸로 병원에 일일이 방문하거나 가서 기다릴필요없이 집에서 바로진료가능해서 편해요,4
"다양한 건강 정보를 볼 수 있고, 혜택도 다양하게 받을 수 있어서 좋아요.",5
"병원찾기도 좋고, 만보기 등 여러기능을 통해 포인트도 모을수 있어서 좋아요. 자주 이용하고있습니다.",5
비대면 진료앱 중에서는 단연 최고라 생각합니다 또한 이벤트 및 다양한 포인트 제도가 있어 너무 좋은 앱이라는 생각이 들었고 적극 추천합니다,5
우리동네병원에대한 정보를 쉽게알수있게되어있어서 자주이용합니다. 최저가진료정보가 유용하네요.,5
나만의 닥터는 의료비 절감 및 건강한 생활을 습관화하는데 큰 도움이 되는 앱이라고 생각합니다. 주변사람들에게 꼭 추천해 보세요. 요즘 포인트 받는 앱들 많지만 실생활에 도움이 되는 앱은 드문데 나만의 닥터는 일석이조네요. 꼭 사용해 보세요. 강추.,5
매일 만보걷고 퀴즈풀고 또 5번마다 쌓이는 추가 퀴즈포인트까지 네포를 바꾸는 재미가 쏠쏠합니다!,5
예방접종 가격을 집에서 편안하게 비교해볼 수 있어 좋아요,5
앱을 통해 건강 관리도 하고 받은 캐시로 쇼핑도 가능하니 여러모로 유용한 앱입니다 만보기가 안되요,4
오~~문제를 맞추니 포인트도 얻고 제 건강상식도 업그레이드되고 주위에서 칭찬해주네요.,4
나만의 닥터 앱테크 최고입니다 건강에 대한 지식도 많이 알게되고 포인트도 받을 수 있고 너무 좋아요,5
건강퀴즈를 통해 유용한 의학적 정보도 얻을 수 있고 앱테크도 할 수 있어 좋아요.,5
의학상식 퀴즈 및 만보기가 있어서 정보도 얻고 운동도 하고 좋아요.,5
독감주사 때문에 가입했는데 다른 건강기능도 너무 잘되어 있어서 많은 도움이 되요..ㅎ,5
병원 갈 때 뿐만 아니라 평소에도 걷기 등으로 건강체크할 수 있어 좋아요.,5
건강 관련퀴즈도 풀면서 의학 상식도 쌓고 걸으면서 포인트도 얻으니 좋네요ㅎㅎ,5
"비대면 진료 어플중에서 사용성이 가장 편합니다. 포인트, 이벤트 등 컨텐츠도 다양하고 꾸준히 사용중입니다~",5
병원이나 건강관련 앱 중 최강앱이라 생각합니다. 유용한 정보와 함께 걸음에 따라 포인트 보상도 있어 아주 유용합니다. 추천 일순위 앱~!,5
"건강해지면서 포인트도 주고 좋아요, 근데 만보기가 가끔 걸음 수와 맞즈 않을 때가 있어요",4
건강에 대한 많은 정보도 얻을 수 있고 좋은 앱테크도 되네요~아주 만족합니다.,5
너무 좋아요. 쉽게 원래 먹던 약 비대면으로 처방받으니 매일 복용해야 하는 약들은 나만의닥터 통해 꾸준히 구매합니다. 너무너무 좋아요.,5
"저렴한 가격에 진료도 받고, 매일 출석하여 캐시를 모으는 재미가 있어요. 또한 만보기 기능이 있어 아주 잘 사용하고 있습니다.",5
그동안 잘쓰고 있었는데 이번 업데이트 후에 만보기 알림권한을 자꾸하라고 하네요 어떤 알림권한인지 모르겠는데 신체활동이랑 위치 권한은 허용돼있는데 왜안되는지 모르겠습니다,4
비대면으로 진료를 받을 수 있다는게 정말 편리한 점 같아요 약도 비대면으로 배송받을 수도 있고 여러 이벤트에 참여해서 포인트도 모을 수 있는데 생각보다 잘 모여서 비대면 진료 받을 때 유용하게 쓸 수 있을 것 같습니다,5
"건강지식부터 계속 걸을 수 있도록 모니터링 가능하고, 가끔씩 소소한 보상도 있어 놓칠 수 없는 앱이라고 생각합니다.",4
이제 한달 조금 지나서 아직 만보기랑 건강수치기록만 사용하는중입니다 이번에 독감이 심하다고해서 독감백신 최저가 이용해보려고 합니다 앱사용 초반에는 만보기 기록이 중간에 멈춘적이 몇번있었던거 말곤 불편함 없이 사용중입니다,5
정말 좋은 앱 입니다. 동네 병원 가격비교 뿐 아니라 다양한 리워드도 받을수 있어 꼭 필요한 앱 입니다. 또한 건강 상식도 알려주니 현대인들에게는 꼭 필요 하다 할수 있겠네요. 번창하세요!!,5
매일 약 먹는시간을 잊어 먹었는데 시간 체크가 가능해서 편해요~만보기기능도 단계별로 있어서 목표달성하기에 좋아요~,5
"훌륭한 내 건강지킴이이자 주치의 같은 앱입니다. 습관을 들여 건강에 조금이라도 관심을 가지게 해주고, 포인트 같이 소소하게 모으는 재미도 있습니다.",5
진짜 유용한거같아용 간편하게 진료볼 수도있고 앱 내에 퀴즈같은거 풀면서 건강상식도 알수있고 포인트도 받을수있어서 모으는 재미도 있어요~~,5
"나이가 들면서 그동안 무관심했던 건강어 대해 자꾸만 신경이 써지던 중에 나만의닥터 앱을 우연히 알게 되었습니다. 날마다 혈압, 혈당 등 체크하라는 알림 메시지가 처음에 귀찮게 느껴졌는데 이젠 습관처럼 아침이 되면 스스로 챙기게 되었습니다. 뭐든 귀찮다 생각하면 덜 관심이 가기 마련인데 꼼꼼히 챙겨주는 개인비서 같은 나만의닥터 덕에 하루하루 건강하게 생활하고 있습니다. 좋은 앱 제공해주셔서 감사드리며 지속적인 앱 업뎃도 부탁드립니다.",5
캐시워크나 기타다른 만보기앱이 2만보 이상을 감지하는동안 걸음수 0보로 인식될때도 허다합니다... 엉터리 앱을 개선할 생각도 없는지 업데이트 조차 하지 않네요...ㅠ 별점 1개도 아까운듯...,1
병원진료 비대면으로 볼 수 있어서 넘 좋았어요~ 걷기운동으로 포인트 받아서 잘 사용하기도 하구요 좋은앱이네요,5
앱을 통해 비대면진료는 물론 걷기 운동과 여러가지 이벤트도 참여 할 수 있네요. 처음에는 그냥 만보기로만 생각했는데 건강상식도 많이 알게 되어 너무 좋습니다,5
평소에 약 챙겨먹는게 쉽지 않았는데 나만의 닥터 하나로 잘 챙겨먹기 시작했어요! 다양한 컨텐츠 덕분에 쏠쏠한 혜택도 즐기고 1석2조에요,5
"요즘 독감예방접종기간인데 나만의 닥터에서 동네 접종기관과 가격비교를 할수 있게 정보가 제공되어, 비교하고 접종할수 있어서 너무 좋았어요.퀴즈,만보기등 앱테크로 잘 활용할수 있어서 유용한 앱이라 주변에 소개도 하고 있어요^^",5
여러가지 나의 건강정보를 기록하고 볼수 있으며 체크해 나가면서 건강관리 하는데 큰도움이 될 것 같아요 다양한 정보도 얻으면서 캐시도 쌓고 포인트도 쌓아 유용하게 사용 할수 있어서 넘 좋은거 같아요,5
비대면 진료가 가능하다는것이 놀라운데 약까지 처방받을 수 있다는거에 두번 놀랐네요 주사 비용도 최저가를 비교해볼 수 있어 정말 편리했습니다. 앞으로도 자주 애용해볼게요! 감사합니다,5
"최저가 병원정보와 매일매일 건강퀴즈를 풀면서 유익한정보를 접할수있어 좋습니다👍 만보기, 약챙겨 먹기, 체중, 혈압기록 등 건강을 챙길수있는 좋은 테마들과 캐쉬모으는 재미까지있어서 더욱 좋습니다 😀",5
저렴한 병원 연결해주고 포인트도 쌓을 수 있음. 만보기는 가끔씩 걸은게 인정 안될 때가 있어서 약간의 개선 필요함.,5
주변 병원 정보를 쉽게 얻을 수 있고 간편한 건강관리 (혈당 혈압 복용약체크)를 빼먹지 않고 할 수 있어요 깜빡하기 쉬운것들을 설정해 놓으시면 좋습니다,5
비대면 진료 앱중에 최고! 혜택도 많고 사용하기 편합니다. 앱도 깔금하고 다른 경쟁앱에 비해 좋습니다.,5
매우 잘 사용하고 있습니다. 만보기 기능과 비대면 진료기능에 만족하며 무엇보다 건강퀴즈 제공이 만족스럽습니다,5
앱을 써보니깐 첫번째는 너무편리한거 같아요 그리고 병원비최저가검색도 되고 예약진료도 할수있어서 유용한앱인거 같습니다,5
앱테크로 최적인 나만의 닥터 추천합니다. 혜택이 쏠쏠하고 포인트와 캐쉬가 빨리모입니다. 특히 같은 팀으로 묶어서 걸으시면 더 좋습니다.,5
요즘 같은 비대면 시대에 혁신적인 앱입니다. 직접 병원에 방문 하지않아도 돼서 삶의질이 올라가고요. 약 신청 방법도 매우 편리해서 자주 사용합니다. 최고예요,5
건강정보도 알차고 퀴즈 맞출때마다 쌓이는 캐시도 아주 유용하게 쓸 수 있어서 좋아요~여러모로 도움이 되는 앱이예요~,5
만보기 좀 어떻게 해보세요!!! 만보기 위젯이 잘 올라가다 갑자기 0으로 바뀌연서 측정이 안되요..... 죄다 만보기 오류 난다는데 1년이 지나도 개선이 안되네요.... 진짜 고객센터 문의해도 복붙 답변만 하고답답 그 자체네요,1
"필요한 정보대로 진료가 가능한 곳, 진료비가 저렴한 곳을 예약할 수 있어서 좋네요. 매일매일 몸무게, 복용약도 체크할 수 있어서 관리하기 편합니다.",5
나만의닥터 앱 너무 잘 쓰고 있습니다. 100원딜 이벤트로 영양제 받아 먹고 있는데 효과를 보는 것 같아요! 앞으로도 건강관리와 함께 기회가 된다면 진료와 영양제 구매도 해야겠어요~^^,5
6개월 정도 사용하고 있는것 같습니다 접하기 어려운 일반의학 상식을 퀴즈를 통해 알려주는 순기능을 우선 장점이라보고 다만 모아지는 페이나 포인트의 사용이 아직은 다소 한정적이란 생각이 들고 원격 진료에 대해서도 생소합니다,3
매일 챙겨야하는 영양제를 잊지않게 알람 설정을 해서 먹을 수 있고 만보기기능도 있어서 유용하게 사용하고 있어요 덤으로 건강퀴즈까지하면세 포인트도 올릴 수 있어서 좋아요 저는 만족하면서 사요 중입니다,4
만보기 기능도있고 약복용 잊을때두있는데 한번씩 체크할수있어서좋아요 근데 포인트바꾸는게 가끔 안될때도있네요,5
매일 건강퀴즈 풀면서 모르고 있던 건강에 대한 지식도 알게되고 잘못 알고있었던 건강지식에 대해서도 바르게 알 수 있어서 매우 유용하고 좋아요ㅎ 문제를 맞추고 포인트 박스도 4개나 받아서 더더 좋아요^^,5
독감 접종 때문에 검색 하다가 우연히 알게 된 앱이예요 근처 병원 검색도 되고 일일이 전화 해서 알아 보지 않아도 독감 주사 가격 뿐만 아니라 백신 종류까지 한눈에 알수 있어서 너무 좋아요 자주 이용할꺼예요,5
"나만의닥터 다운받아 퀴즈도 풀고, 각종미션으로 포인트도받아서 좋고,의학지식도 쌓고있어요~",5
"나만의닥터 통해서 비대면진료 처음 접해봤는데 너무 편리하고, 건강퀴즈나 만보걷기 통해 캐시도 적립해서 상품권 구매도 하고 너무 좋네요",5
일단 너무 좋은게 좋은 의학정보를 많이 얻어갈수 있는 앱니다. 또한 정보도 얻어가면서 포인트를 쌓아 쓸수있는 1석2조의 어플입니다 강력추천합니다,5
비대면 진료를 통해 간편하고 쉽게 진료 및 처방으로 편리합니다~! 약도 배송을 통해 받을수 있어서 좋았습니다.,5
유용한 어플 같습니다. 건강 확인등 유용하게 쓰실 수 있는 부분들이 많아요. 그런데 걸음수 오류가 좀 있는것 같아요.,4
"나만의 닥터 앱 정말 건강을 생각한다면 최고의 앱입니다. 걷기부터 혈당체크,혈압체크, 건강퀴즈까지 한번에 모두 해결할수있는 가장 현대인에게 좋은 어플입니다",4
덕분에 비급여 병원비 정말 많이 아꼈어요. 정말 잘 쓰고 있는 앱 입니다. 흥하길,5
앱이 안정적이고 보기가 참편합니다. 많은 도움이 되고있어요.,5
다양한이벤트도있고 병원진료에관해서 앱으로확인해볼수있어서좋습니다~~,5
"혈압기록, 걸음수, 약시간까지 한번에 체크해주는게 많아서 좋아요!",5
나만의닥터 정말 잘 쓰고 있어요. 보상도 빠방해요! 많은 사람들이 이용하면 좋겠어요ㅎㅎ !!,5
만보기랑 각종 이벤트로 포인트도 얻고 각족 건강상식도 알수있고 좋네요,5
건강상태를 관리하면서 쉽게 포인트를 모을수 있고 네이버포인트로 바꾸어 쓸수 있어서 활용도가 좋아요. 병원정보나 최저가확인도 되고 요즘 매일 들어가고 있습니다,5
원격진료가 예전만큼 좋은 상황은아니지만 독감 접종병원을 저렴하게찾아서 접종하고 매일퀴즈로 포인트 잘모으고있어요 더좋은 컨텐츠로 발전하길바랍니다,5
최저가 병원부터 원하는 진료항목도 쉽게 찾아볼 수 있어서 좋아요,5
그냥 소소하게 도움 되는 것도 꽤 있고 티끌도 모으고 좋아요.,5
나만의 닥터 앱 잘 아용하고 있습니다. 앞으로도 더 좋은 정보 및 혜택 기대 할게요.,5
병원에 직접 가지않아도 진료비 조회가 가능해서 편리해요. 추천합니다.,5
매우만족합니다 이것저것 고민하다 우연히 댓글보고 설치했는데 멀리가지 않아도 근처에서 가장 좋은 그리고 저렴한 나한터 필요한 병원 찾아주네요 적극 추천합니딘,5
매일 퀴즈풀고 만보기하고 매주 건강기록 하다보면 포인트가 금방 모입니다!,5
이 어플은 간단하고 심플해서 이용이 편해요 적극적으로 추천합니다,5
매일 복용하는 약과 몸무게 기록을 하면서 건강을 체크할수 있어서 좋아요. 그리고 퀴즈를 풀면서 건강상식을 쌓는ㅛ.것도 너무 좋넹,5
너무 간편하고 이용하기가 편해서 좋아요 비대면 진료를 받을 수 있어서 굿입니다 다양하고 많은 이벤트도 너무 좋아요 앞으로도 많은 발전이 있기를 응원합니다,5
편하거 여러 정보를 얻을수 있습니다. 여러 이벤트들도 많아서 유용해요,5
최저가로 빨리 찾아주고 리뷰가 잘 되어있어서 이용하는데 편리합니다,5
"만보기나 퀴즈, 걷기 모임같이 흥미를 유발할수 있는것이 많이 있고 보상이 있어서 더 재미있게 몰입할수 있네요 비대면 진료도 크게 도움이 될듯합니다.",5
몸이 안 좋을때 어떻게 간편하게 예약하고 진료받을 수 있어서 도움이 많이 되었던 앱이에요 앞으로도 자주 사용할거 같네요 나만의 닥터 화이팅,5
매일 건강체크 하며 포인트도 쌓아가는 정말 도움되는 앱입니다..,5
의료정보도주고 포인트도 걷기 운동도 하고 포인트받고 유익한앱 새로위진 내용 좋아요,5
건강 정보도 얻고 포인트도 얻고 너무 좋은거 같아요^^매일매일 잘하고 있어요~,5
사용하기도 편하고 건강체크도 되니 좋아요 앞우로도 더 좋은 업데이트 많이.해주세요,5
비대면으로 진료받기도 너무 편하고 또 퀴즈나 이벤트들이 많아서 포인트 모으기도 좋아요!,5
매일푸는퀴즈로 몰랐던상식 소소하게알아가서 좋아요. 아직 지방병원이 많이 없지만 더많이 늘어나게해주세요,5
나만의닥터를 알고나서 많은지식을 쌓고있습니다 질병의 대처법도 공부도하고 걷기도하면서 건강도 유지할수있어서 적극 추천합니다,5
업데이트후 만보기 알림 권한 승인하라는 창이 계속 뜸 삭제하고 다시 깔아야할 듯 다시 재설치해도 안 됨 업뎃 재밌게 하셨네,3
나의 건강관리에 도움도 되고 리워드도 많이 쌓여서 너무 좋아요 건강에 도움되는 정보도 제공해주고 앱테크하기 좋아요,5
"나만의 닥터에서 퀴즈 참여를 하면서 의료 상식도 많이 알게되었고, 포인트도 쉽게 많이 모아서 여러 곳에 활용할 수 있었습니다! 정말 좋은 어플이에요. 감사합니다!!!",5
"예약이 매우 간편했고, 도움 정보도 많아서 좋네요~",5
건강상식도알고 캐시도 모으고 만보도 할수있고 일석이조네요.완전 좋아요,5
장점 ㅡ 건강상식 알게 되어 너무 좋음 단점 ㅡ걷기 카운팅 잘 작동 안됨 그리고 앱이 느림,4
지인추천으로 알게된 나만의닥터.. 비대면 진료가 가능한 어플을 지금이라도 알게되어 좋네요. 만보기 포인트와 닥터포인트 쏠쏠합니다..,5
건강상식에 많은 도움이 되고 비대면 진료가 가능해서 너무 좋아요,5
만보기가 필요해서 다운받았는데 병원 정보나 다른 기능도 기대됩니다.,5
깔끔하곷간편해서 좋구요 건강관련 이슈를 알려줘서 좋아요 걸음수 연동이 잘안되요 그것빼면 좋아요,5
건강도 챙기고 다양한 혜택도 얻고 여러가지로 도움이 많이 되네요,5
알림설정이랑 만보기가 에러날때가 있지만 전체적으로 만족합니다,4
내가 먹는 약 시간도 정해서 알람을 맞출수 있고 체중관리도 할수 있어 매우 유용한 어플인것 같습니다.,5
건강을 위한 기초상식들을 알려줘서 넘 좋아요 그런데 걸음수가 반영이 안될때가 많아 아쉬워서 별2개 뺐네요~~,3
건강관리를 앱을 통해 하면서 덤으로 보너스캐시까지 주니 너무 좋네요,5
나만의닥터는 손쉽게 찾고자하는 병원의 정보를 얻는데 매우용이하고 평균 소요가격도 비교할수 있으며 리뷰를통한 병원 선택의 질을 높일수 있는 매우 용이한 필수 앱입니다. 다들 한번씩 이용해보시고 불량병원을 걸러내는 시초가 되길 바랍니다.,5
집 밖으로 꼼짝도 하기싫을때 굉장히 유용하게 사용하고 있습니다. 전화 주시는 의사 분들도 친절하시고 약도 생각보다 비싸지 않게 배송 받을 수 있어 만족합니다.,5
"항상 유익한정보와 퀴즈, 이벤트를 제공해주면서 계속 이용하게 됩니다",3
진짜 좋은 앱이에요~ 여러가지 만보기 및 건강 정보 얻을수있어요,5
건강관련 유용한 정보도 얻을수 있고 여러가지 활동을 통해 얻은 포인트로 필요한 기프티콘도 구매할 수 있어서 좋아요,5
매일 혈압관리하기 편하고 닥터 퀴즈로 정보도 많이 얻고 체중 만보계 약 복용할 수 있어 좋아요.,5
비슷한 앱 여러개 사용중인데 이게 제일 맘에 들어요 포인트도 잘쌓여요,5
아주 좋음.포인트를 꾸준히 쌓을수 있고 건강 포스트 유익함.,5
비대면 진료로 처음 사용해봤는데 비대면 끝나고도 진료비 조회가 가능해서 편리하고 좋습니다.,5
지인추천으로 사용하게 되었는데 요즘 너무 잘 이용하고 있는 어플중에 하나입니다. 앞으로도 좋은 혜택 많이 부탁드려요~,5
나만의닥터 앱으로 진료비가 저렴한곳을 찾을 수 있어서 좋아요. 게다가 포인트도 매일 얻을수 있고 포인트로 결제시 할인까지.. 매우 유용하게 쓰고 있습니다.,5
건강지식도 얻고 캐시도 얻고 일석이조입니다. 단점을 말하자면 만보기 걸음수가 오류가 많이 나서 아쉬워요.,3
포인트도 쌓고 퀴즈풀면서 유익한 정보도 얻을수있어 일석이조입니다~~,4
"나만의 닥터 좋네요. 만보기, 퀴즈, 약 챙겨먹기, 혈압, 혈당 등 건강관리를 할 수 있게 해줘요. 요즘 인공눈물 가격 인상이 예정된 상황에서 비대면진료로 더 필요해진 앱이라고 생각되네요.",5
건강정보도 알차고 포인트 적립도 잘 되니 좋아요. 걷기 포인트도 더 많이 주는 등 개선된 것도 좋네요.,5
"나만의닥터를 통해 비대면 진료를 몇 번 받았는데, 너무 좋아요! 프로그램이 자꾸 로그아웃 되는 문제는 해결해 주세요.",5
나만의닥터를 사용하면서 최저의 병원찾는데도 도움이 되고 게다가 만보기기능까지 있어 최고,5
적당히 운동에도 도움되고 만보기 기능도 있어 생활에 플러스가 됩니다 추천해요,5
매일매일건강퀴즈풀며 포인트 쌓는 재미로 하고있습니다 예전에 비해 보상이 줄어든건 매우매우 아쉽지만 그래도 안하면 허전해서 계속하게되네요,4
포인트모아서 네이퍼페이로 교환할려고 시작했는대 걸음수가 제대로 안되서 속상해요. 퀴즈풀면서 모르던건강상식도 알게되니 좋네요,4
탈모약 비대면 처방 때문에 알아보다 이용하게 되었어요. 이용이 간편하고 포인트 및 캐시 모으는 재미가 쏠쏠합니다. 병원이나 약국별로 비교해볼 수 있는 것도 좋아요.,5
건강퀴즈를 통해서 몰랐던걸 알게 되었고 100원 영양제 너무 친절하게 배송해 주어서 좋았습니다,5
걸음수가 잘 카운트가 안되는 어려움이 있긴했지만 건강관련정보 및 포인트리워드가 아주 좋습니다.,4
까먹기 쉬운 보조제나 약을 빠짐없이 챙겨먹을 수 있어서 좋네요. 그리고 퀴즈도 풀고 건강상식도 늘고 포인트도 쌓이고 좋아요,4
1. 병원 정보를 쉽고 빠르게 알아보기 좋아요 2. 어플이 직관적이고 속도가 빨라요 3. 이벤트가 다양해 매일 접속 하는 중 4. 건강퀴즈 은근 상식 쌓는데 유용해요,5
오늘 업데이트후 만보기 안되는데 알림설정 하라고 해서 했는데 알림설정 계속하라고 나옴.. 지웠다 다시 깔아도 그대로 알림설정하라고 나오면서 만보기 안됨요.,5
새벽에 열이나서 급하게 사용해 봤는데 진료가 빠르고 약도 택배로 받을 수 있더라구요 포인트 모아서 네이버페이로 바꿔쓰는 재미도 쏠쏠합니다,5
이번에 독감 접종할때 동네에서 저렴한곳 알아보고 접종 잘 했습니다. 건강 관련 정보도 많고 포인트가 잘 모여서 재미있게 건강 관리 할 수 있어요.,5
너무나도좋은 프로그램입니다 의학상식도 생기고 몸건강도해주고 용돈도 받고요,5
건강과 관련된 정보를 알려줌과 동시에 기프티콘을 살수있는 포인트를 주는 유익한 어플 입니다,5
앱 포인트 사용이 편리하고 UI도 보기 쉬워요,5
매일 퀴즈풀고 포인트 쌓아서 네이버페이로전환 사용해서 너무나도 좋아요 감사합니다.,5
만보기 카운트가 제대로 작동 안함~ 어쩌다 한 번씩 체크되고 거의 안됨~ 매일 거의 만보를 걷는데 기록은 0 걸음임~ 체크가 되는 날도 3분의 2는 기록 안됨 쓰레기임~ ㅡㅡ,2
비대면진료가 편해서 깔아봤습니다 곧 없어져서 비대면진료사용은 안하고있습니다만 몸무게 혈당 혈압 약복용 기록용으로 매일 유용하게 사용하고있어요 기록관리가 유용하고 포인트로 네이버페이적립이되니깐 쏠쏠해요,5
앱에 비대면진료가 있어서 바쁜직장인들에게 사용하기 유용하고 또 걷기하면 포인트적립까지 건강관리 까지 할수있어서 좋습니다,4
나만의 건강기록과 건강정보를 얻기 쉽고 포인트쌓기도 쉬워서 좋습니다,5
"만보기 카운팅오류 너무심함. 나만 그런게 아녔네요. 실행오류, 비카운팅, 재설치후 삭제도 소용없음",1
퀴즈를 통해 건강정보를 배울 수 있어 유익한 어플입니다 만보기기능도 좋아요,5
매일매일 건강퀴즈를 풀면서 상식이 늘어나는 기분입니다!! 유용해요,5
포인트도 잘모이고 건강에 도챙길수있어서 좋은거 같아요,5
처음 시작은 만보기로 시작했는데 약 알림등도 유용한 기능같네요,5
"내 건강 관리에 필요한 유용한 정보/지식을 가볍게 읽기 좋은 형태로 제공해주고, 운동하고 퀴즈 풀고 나한테 좋은 일을 하면서 포인트까지 얻을 수 있는 1석2조 앱이에요~",5
다양한 건강정보및 도움되는 내용도 많고 건강정보관리에도 도움되는 것 같습니다,5
다양한 이벤트와 정보가 좋네요 만보기는 오류가 좀 있어요 ㅠㅠ 이점만 수정해주시면 좋을 것 같아요,5
아직 병원은 문의해보지 않아서 모르겠지만 실용적인거 같아요 아무조록 발전하시길...,5
병원예약할때 따로 전화하지않아도 되네요 넘 편하고좋아요,5
앱도 깔끔해서 사용하기 좋고 주변에 저렴한 병원정보를 쉽게 알수 있으니 좋네요 비대면 진료도 최고예요,5
만보기 본만아니라 건강에 대한 여러가지 상식을 접할수 있어서 매우 유용합니다 거기에 리워드까지 지급되고 건강체크까지 할수있으니 일석삼조 앱이네요,5
매일 미션하면서 얻는 포인트도 쏠쏠하고 병원가기힘들때 비대면 진료도가능해서 많은도움이 되는 어플이네요 감사하게 잘 쓰고있습니다 혈압 혈당 주기적으로 재서 건강체크도하고 만보도걷고 퀴즈도풀고 약도 잊지않고 챙기고 여러모로 유용한어플이에요,5
간단한 퀴즈로 건강상식도 알고 영양제 이벤트 당첨으로 영양제도 받고 안할이유가 없자나요~~^^,5
건강에 대해 자세히 알수 있고 병원 예약도 되고 좋아요~,5
편아하게 병원 예약할수 있어서 아주 잘 사용하고 있습니다,5
만보기가 제대로 측정되지 않을때가 있어서 그게 좀 불편해요. 그래도 그 외 사용하는건 만족해요. 포인트도 잘 쌓이고요~,4
저렴한 병원을 바로 찾고 예약도 가능해서 편합니다,5
"건강관리에 도움이 되고, 좋은 습관형성에 좋아요~",5
다양한 이벤트통해 건강상식도 알고 약도 간편히 처방 받을수 있어 좋습니다,5
나만의닥터 완전최고입니다 퀴즈맞추면 포인트받을수 있어서 좋아용~~♡,5
건강퀴즈를풀면서 모르는것도 알게되고 건강을위해 관리할수 있는 앱이라서 엄청 유용한것 같아요~~!! 더불러 앱테크도 가능하니 너무좋네요 감사합니다~~!!!,5
좋은 앱테크 앱입니다 상품도 좋고 포인트 박스라는 참신한 아이디어로 항상 좋은 앱테크가 되는거 같습니다 아쉬운거는 걸었는데도 0걸음일때가 있는거 빼고는 최고입니당,5
건강에 대한 다양한 정보를 얻을 수 있고 포인트도 받을 수 있어서 너무나도 유용한 앱입니다. 다른 사람들한테도 많이 추천해주고 싶어요.,5
5개월간 사용중인 유저입니다. 우선 병원에 가지않고 예약이 가능해서 너무 편했습니다. 그리고 병원 선택시 후기를 통해 정보를 습득할 수 있어서 너무 좋았습니다^^,5
독감 예방 접종비용을 검색을 통해 절약 할 수 있다는 것을 알았고 절약 했습니다. 주변 병원 정보를 자세하게 알 수 있고 예약도 가능하여 편리합니다,5
건강정보 정확하게 잘 되어있고 잘 이용하고 있습니다 포인트도 확실하게 잘 적립되는중입니다,5
만보기 오류는 계속 발생하는것 같아요~가끔 퀴즈 정답도 오답 처리되기도 하고요 오류사항 빼고는 정말 잘 사용하고 있습니다!,5
나만의닥터로 몸무게 약챙겨먹기 걷기등으로 포인트도 얻고 건강과 재미를 동시에 느낄수있고 동네 병원정보도 알수있로 포인트로 상품도 얻을수있고 실생활에 좋은어플이네요,5
건강관리를 매일할수있어좋아요. 그리고 건강퀴즈로 포인트도 얻구요. 한가지 아쉬운것은 포인트를 다양한상품으로교환할수있게해주세요,5
나만의닥터 벌써 2달이 넘었네요 네이버 포인트도 받을 수 있고 핫딜을 통해 영양제 등도 구입할 수 있습니다 필요한 병원도 검색 가능해서 정말 유용한 앱인거 같습니다,5
"건강 지식도 쌓고, 캐시 모아서 네이버 포인트로 교환도 하고 좋아요. 아직 다른 서비스는 이용해보지 않았지만 차츰 시도해 볼 생각입니다.",5
광고가 없어서 좋아요~ 캐시모으기는 시간이 걸리지만 건강퀴즈와 걷기등 유익한 정보로 진행하게되니 선한영향력 같으네요^^,4
"유용하게 잘 사용하고 있습니다. 건강퀴즈, 만보기 등 포인트 모으는 이벤트도 좋구요.꾸준히 이용할께요. 번창하세요~",5
"유용한 대면 진료, 비대면 진료기록을 모두 알아볼수있어서 좋았으며 실질적인 건강관리 앱이 나온것같아서 좋았습니다~^^",5
나만의닥터 앱 잘사용하고 있습니다 무엇보다 좋은점이 가까운병원을 찾을수있고 이번에 독감접종을 했는데 좀더 진료비가 저렴한 곳으로 갈수 있었습니다,5
생각보다 포인트가 많이 쌓이고 의학상식과 부지런한 생활 걷기 건강 등이 덤으로 생기는 좋은 앱이라고 생각합니다. 화이팅 나만의닥터!!!,5
매일 퀴즈이벤트를 풀면서 건강상식도 쌓을 수 있고 정답을 맞추면 포인트를줍니다 만보기 혜택도 좋아져서 앱테크하기 정말 좋은 어플이에요ㅎㅎ,5
건강퀴즈와 건강연구소를 통해서 잘 알지 못했던 건강상식을 배우게되었어요~ 만보기로 건강지원금까지! 굉장히좋아요!,5
"만보기를 통해 포인트를 모을 수 있어서. 좋은데,가끔 만보기 걸음수가 정상적으로 안 나오네요.",3
포인트때문에 가입해서 잘 사용하고 있어요. 포인트 받는게 반응이 좀더 빠르면 좋겠지만 광고 보는게 없어서 좋아요.,5
이번에 주변 독감예방주사 최저가 병원을 알 수 있는 서비스가 나왔는데 넘 좋았어요 :) 유용한 건강 상식도 제공해주고 건강도 챙길 수 있습니다!,5
"나만의 닥터 퀴즈를 풀며 유용한 정보도 얻고 캐시도 얻을수 있어 좋아요 동네 병원마다,정보 비교할수 있어서 따로 이병원,저병원 앱 열고 들어가지 않아도 되서 좋고,오늘도 독감 접종을 위해 접종병원과 가격을 비교 해보았어요",4
건강싱식도 쌓이고 포인트도 적립하면서 건강관리 할 수 있어 정말 좋은 앱인것 같아요,4
처음접한 나만의닥터앱 비대면 진료도받을수있고 걷기로 포인트도받을수있고 사용하기 넘편하고 좋습니다 매일 문제도풀고 건강에대해 많이배우고 있습니다,5
건강을 챙기는 여러 정보를 재미있게 분배해서 하는 재미도 있구 여러 병원 정보도 쉽게 찾아볼수 있어서 아주 좋아요,5
여러가지 건강상식도 알수있고 만보기로 줍줍도하고 좋습니다..단..시스템오류가 많은거같아요..로그인이 만료되었다고 자꾸 튕기네요..,4
병원예약도 너무 편하고 만보기나 퀴즈풀기로 포인트도 마니 줘서 너무 좋습니다 잘이용하고 있어요,5
퀴즈를 풀면서 건강상식도 알게되고 게다가 포인트까지 모을수 있으니 너무 좋아요!! 어플 사용도 쉽게 되어있어서 사용하기 좋아용👍,5
좋은앱인듯... 정보도 쏠쏠하고 포인트도 쏠쏠합니다. 병원가거나 처방 받기전 한번 둘러봐도 좋구요. ^^ 한번 깔아봐도 손해는 제로. ^^,5
매일매일 건강퀴즈 풀면서 유용한 건강정보와 의학상식을 배울 수 있어서 너무 좋네요 게다가 덤으로 포인트도 모을수 있어서 이거야말로 1석2조네요,5
"오랫동안 꾸준히 사용하고 있는 앱이에요 병원예약뿐아니라 매일 건강관리, 의학정보를 쌓는데 엄청나게 도움받고 있어요. 번창하세요~~",5
포인트가 좀짠데 이것저것 이벤트도 많이하고 미션을 해야 포인트쌓이는것도 재미있네요 꾸준히 할만합니다,5
건강에 대한 정보들을 많이 알게 돼요! 모은 포인트는 기프티콘이나 네이버페이로 바로 교환도 가능해서 좋아요^^,5
건강에 도움이 되는 이벤트가 많아서 즐겁게 이용 중입니다 필요한 정보가 잘 정리돼 있어서 마음에 드네요!,5
나만의닥터 어플 3개월 정도 사용한 것 같아요. 매일 퀴즈 풀면서 의료 기본상식 등 알 수 있어서 좋아요!,4
나만의 닥터 앱은 유용한 정보도 매일매일 퀴즈를 풀면서 얻을수도 있구 포인트도 모을수도 있어서 좋은거 같아요^^,5
의료지식등도 알수있고 만보기 퀴즈등으로 포인트도 잘 쌓여서 정말 유용한앱입니다,5
나만의 닥터 앱 설치후에 근처병원 검색도 쉽고 걸으면 걸을수록 포인트도 받을수 있어서 너무 좋아요 ~ 이런 앱 너무 좋네요 자주 이용하겠습니다 ㅎ,4
포인트쌓는 재미가 쏠쏠합니다. 비대면진료는아직 이용해보진 못했지만.. 꼭필요한 서비스인거 같습니다.,5
건강정보도 얻고 퀴즈 풀어 포인트도 받고 아주 좋네요!! ㅎ 광고도 없고 오류도 없어 더 편리해요,5
도움되는 정보가 많아서 좋아요. 퀴즈도 재미있고 포인트도 금방 쌓여서 앱테크하기 아주 좋으네요!,5
유용한 병원 관련 정보 및 건강 상식도 알수 있고 찾아보기도 쉽고 캐시도 차곡차곡 모아져서 얼마전 병원갈때 사용했습니다 좋아요,5
생활습관 개선에 좋은 어플입니다. 요즘 앱 상태가 안정화되고 개선이 많이 돼서 좋습니다.,5
근처 병원 정보 보는게 편리하고 캐쉬 사용하기가 편하네요 앱 이용하고 건강관리에 좀 더 신경쓰게 됐어요 좋아요,5
우연히 알게된 나만의닥터 넘 좋아요 캐시도 은근 쌓이고 포인트박스 여는것도 잼나요 퀴즈도 풀고 좋은것같습니다 강력추천합니다!,5
여로가지로 캐시 지급도 많이주고 진료 시스템도 잘 되어 있네요 추천합니다^^,5
"사용한지 꽤 되었는데 이제야 후기를 올리네요. 몇개월전 나만의닥터앱으로 탈모 관련 비대면처방을 받고, 약국 조제까지 비대면으로 가능하여 택배배달까지 되는 신선한 경험을 했네요. 현재는 캐시와 포인트 모으는 재미도 톡톡히 보고 있습니다. ^^",5
꽤 괜찮은 앱테크용 앱입니다 적극적으로 앱테크를 하고 있지는 않지만 의학적 기본상식들과 함께 꾸준히 할수 있어요,5
건강상식도 유용하고 포인트 모으는 재미도 있네요 그런데 가끔 만보기가 작동오류날때가 있네요,4
나만의닥터 앱 덕분에 하루하루 건강상식도 챙기고 건강한 체력도 챙기게 되었어요 모아둔포인트로 상품구매는 보너스받는기분입니다^^,5
독감접종 저렴한 곳을 나만의 닥터를 통해 알게 되어서 잘 맞고 왔습니다. 여드름 진료도 최저가로 잘 받고 있습니다.,5
앱 사용하기도 편리하고 독감가격도 비교 할 수 있어서 좋아요 건강퀴즈도 매일 풀면서 지식도 얻고 포인트도 얻어서 좋아요,5
저는 주로 퀴즈하고 만보기를 하는데 특히 퀴즈로 인하여 몰랐거나 오해했던 것을 정확히 알게 대서 좋은 것 같아요 보너스 캐시까지!,5
매일 퀴즈도 풀면서 몰랐던 의학정보를 알게되어서 너무 좋습니다 퀴즈 맞추면 포인트도 주고 계속 사용할겁니다,5
비대면으로처방받을수있어서너무좋네요 병원검색도되고약국도선택해서빠르게받을수있어서너무편리하고유용한앱이예요,5
몰랐던 건강지식도 퀴즈로 알수있고 캐쉬를모을수있는 방법도 다양하고 근처병원도 가격도 미리알수있어좋아요,5
"다양한 건강상식과 건강관련 만보기, 키,몸무게등 체크할수 있어서 쉽게 건강관리할수 있는 유익핫 앱입니다~",5
다른 앱도 써보구 햇지만 나만의 닥터가 잘만들어진것 같어여 꼼꼼히 체크하는것도 잇고 기타 의료상식도 알아가고 거기다 포인트 까지 ~,4
유용하게 잘 이용하고있어요 포인트도 줘서 진료 조금이라도 저렴히 볼 수 있어 만족합니당,5
좋은 앱 만들어주셔서 감사합니다. 매일 퀴즈풀면서 지식도 쌓고 포인트도 모으고 있습니다. 앞으로도 좋은 이벤트 부탁드려요~^^,5
건강퀴즈와 만보기 혜택만으로도 그 값을 합니다. 비대면 의료가 다시 확대되면 더 좋겠네요. 지방병의원들도 많이 추가해주세요.,5
독감주사 알아보다가 나만의닥터 알게됐어요~ 이벤트도 많고 포인트 적립해서 상품교환 가능하다니 아주 알차네요ㅎㅎ,5
매일 상식적인 건강문제를 퀴즈로 가볍게 접할 수 있어 너무 좋아요. 아쉬운 게 있다면 매일 혈압 등을 측정할 수 없다는 겁니다. 새로운 방법은 없을까요?,5
"나만의닥터 잘 사용하고 있습니다. 비슷한 어플도 있지만, 다른것보다 사용하기도 편해서 좋습니다.",5
"매일 퀴즈와 걷기만으로도 병원비 절약할수 있어 좋아요. 단, 만보기가.잘 작동안될때가 있음",5
"만보기 기능, 혈압과 체중관리, 각종 복용약 관리가 가능한 알짜배기 건강관리 앱! 매일 매일 너무 유용하게 잘 쓰고 있어요!",5
나만의 닥터 앱 너무 유용해요 생활속에서 편리하고 간편하게 사용할수있어서 너무 좋아요 매일 들어가고있어요 ^^,5
비대면 진료어플이 있다는 게 편리합니다 그리고 무엇보다 어플이 버벅대지 않고 빠릿빠릿해서 좋습니다,5
걸음수 오류가 빈번하고 로딩이 좀 느리네요.. 그거빼고는 사용하기 쉽고 편합니다,2
이것저것 쓸만한것들이 있어서 좋았구요 퀴즈도 약간은 도움이 됩니다 걸음수는 하루가 넘어가도 리셋이 더디긴하네요 ᆢ,4
"매일 다양한 이벤트로 다양한 포인트를 얻을 수도 있고, 병원이용시 할인 받을수도 있어 잘 사용하고 있습니다 :)",5
나만의 닥터 비대면진료도 가능하고 여러모로 유용해서 앞으로도 종종 사용해야 할 앱인것같네요,5
"이 앱 좋아요 동생이 소개해줘서 앱 깔고 사용중인데 몰랐던 병원 지식도 알게 되고 포인트도 쌓아서 필요한 것 살수있어서 좋아요 혈압,운동,체중을 기록함으로 건강을 체크할수 있어서 좋습니다 계속 이용할 계획입니다",5
비대면 진료가끝나긴했지만 독감비용이나 다이어트 비용 미리 확인할수있어서 좋아요~ 건강관리 체크하기도 편해요~,5
걷기와 약먹기를 챙겨 주는 앱이구요. 저는 특히 퀴즈 풀면서 건강 관련된 상식을 정확히 알 수 있어서 만족합니다.,5
여러가지 다양한 혜택이 많아서 좋아요! 포인트도 두가지로 나눠져있어서 더 쓸모 있는거 같아요~,5
내건강관리 점검도 하연서 건강관련 지식도 얻고 포인트도 모을 수 있어 유용한거 같네요,5
광고 안보고 포인트를 얻을수있어서 좋아요. 건강퀴즈로 건강상식과 더불어 포인트도생겨요.,5
정말 요즘 보기 드문 버그로 범벅된 앱이네요. 개선 의지도 없는 것같고 조만간 지울 예정입니다.,1
비대면 진료 앱은 처음 사용하는데 너무 편리하고 좋아요~ 매일 퀴즈 풀고 캐시도 얻을수 있는것도 좋습니다 ~,5
메뉴얼도 쉽게 되어있고 설명도 알아듣기싶네요 여러모로 유용한 앱인거같습니다.,5
날마다 10000보걷기 도전중인데 마침 나만의닥터앱과 만나게되어 걸음수로 캐시도 쌓이고 퀴즈도풀고 혈압약 챙겨먹고 돈벌고..ㅋㅋ 너무좋아요~~,5
만보기앱 중에서는 중간 정도로 평가할 수 있겠네요. 가끔 걸음수 측정이 안 될 때가 있어 아쉽네요.,4
비대면앱으로 처음사용하는데 어렵지도 않고 유용한 정보가 많아서 도움많이 받고있어요.,5
비대면으로 진료가 되는 게 가장 좋은점이네요 또 약 처방시 약국에 직접 방문할 필요없이 우편으로 보내주니까 너무 만족하고 실뢰가는 앱입니다.,5
가장 직관적이고 보기 쉬워서 접근성도 좋고 가독성도 좋습니다,5
건강을 유지하기 위한 규칙적인 습관을 민들고 지속하게 합니다. 더 좋은 것은 낙넉한 보상(현금과 포인트)입니다.,5
만족하는 앱입니다 병원진료 정보도 알기 쉽고 급할 때 비대면도 가능해서 좋아요 게다가 건강정보 및 건강체크하며 적립금도 쌓여서 좋네요,5
광고없이 포인트 얻을 수 있어서 좋아요. 걸음수 오류만 개선해주시면 좋겠어요!,4
좋아요.. 포인트도 잘 쌓이고.. 매일 건강퀴즈로 지식도 쌓이고.. 만족합니다~~ 번창하세요!!,5
건강관리 하기 좋은 앱입니다.걸음수 체크도 친구랑 같이하니 재미있게 할수있고 혈압 혈당도 잊지않고 관리하게 되네요.,5
사용하기 간편하고 보기도 쉽게 되어있네요~캐시도 쌓고 여러모로 활용하고 있어요,4
건강상식 퀴즈를 풀면서 새로운 상식을 배울수 있고 독감 예방 주사 예약을 통해 주변 병원 검색해서 좋은가격을 찾을수 있어요.,5
나만의 닥터안에는 재밌는 요소가 많아요. 기본적으로 건강관련이 있고 포인트로 기프티콘도 바꿀 수 있고,5
코로나때랑 감기때 유용하게 썼어요 조금 더 많은 병원이 참여했음 좋겠어여 아~ 앱사용시 가끔 걸음수 체크에서 오류나요 체크가전혀안될ㄸㅐ가 있어요,4
조금씩 포인트 모으는 재미가 있어요. 포인트 모으는 방법도 번거롭지 않아서 추천드립니다.,5
건강정보가 매우 유용하며 앱테크에도 도움이 많이 됩니다.비대면 진료도 기호가 되면 이용해 보아야겠어요.,5
만족도 최고예요 건강에 대한 소소한 상식도 쌓이고 하루일과도 점검해서 건강도 챙기게되고 더구나 캐시도 줘서 벌써 두번이나 써먹었어요 감사합니다 건강에 필요한 병원정보도 있고 추천합니다,5
나만의닥터 앱 잘 사용하고 있습니다. 매일매일 건강퀴즈 풀면서 건강상식 쌓고 포인트도 챙기니 일석이조네요. ^^,5
간단하게 퀴즈풀거나 만보기 통해서 네이버페이를 획득할 수 있는 좋은 앱이에요 너무 잘 활용중이에요,5
유용하게 잘 사용중이예요 배송비생긴거 너무 아쉽지만요 그래도 너무 편해서 끊을수가없어용^^ 매일 퀴즈푸는것도 잼나요,5
편리한 진료를 볼수있어서 좋고요 어플 직관성도 편안하게 볼수있네요,4
"정말 훌륭한 건강관리앱이네요 간편하고 유용하며, 언제나 필요한 정보를 제공해줘서 좋아요",5
건강퀴즈 풀고 포인트도 받고 정보도 얻어요. 만보기로 포인트도 받아요. 포인트모아서 커피도 사먹을수 있어요,5
병원이용 이외에도 캐시를 모은다거나 편리한 기능들이 있어 좋습니다.,5
최저가 병원 검색이 가능하고 예약가능병원도 검색 가능해서 편리한데 적립금이 앱내에서만 가능한게 흠입니다.,4
이벤트도 자주하고 독감이나 기타 탈모 및 다이어트 등 처방 받기 편하고 가격도 합리적이여서 참 좋습니다. ^^ 강추!!!,5
매일매일 건강퀴즈로 몰랐던 내용도 알게되고 영양제 먹는 체크도해주고 비대면진료도 가능하니 너무 유용해요,5
사용하기 정말 편리한데 첫번째 진료가 막혀서 아쉽네요 그래도 포인트모아서 진료받으러 열심히 퀴즈풀어요 ㅎㅎ,5
우연히 광고 보고 알게되었는데 처음엔 앱테크 어플인 줄만 알았는데 병원정보까지 알 수 있는 좋은 어플이었네요.,5
이렇게 편하고 좋은 어플이 있는줄 왜이제알았나싶어요 내건강도 관리하고 포인트도 쌓으며 정보까지 얻는곳^^친구들 많이 초대해야겠어요,5
"나만의닥터앱으로 약복용 및 당뇨, 혈압 관리하면서 건강퀴즈풀며 지식도 쌓고 포인트도 덤으로 얻을수 있어서 좋아요!!",5
나만의 닥터 사용한지 20일 정도 되었는데 건강도 챙기고 의학지식도 챙기고 약먹는 시간도 지키고 만보기로 포인트도 얻고 너무 좋습니다,5
매일 매일 출제되는 건강상식퀴즈 덕분에 온 가족 건강관리에 많은 도움을 받고 있어요^^앱테크적인 부분도 굉장히 만족스럽게 잘 사용하고 있습니다. 앞으로도 재있고 유익한 건강관련 상식 퀴즈 부탁드려요^^,5
우선 나만의 닥터앱은 매우 편리하다. 건강관리 체크 뿐만 아니라 최저가 병원 찾는것도 도와주고 만보기가 있어서 매일매일 걷게해주고 그에 따라서 포인트도 준다,5
앱 사용도 편리하고 몰랐던 의학정보를 얻을 수 있고 동시에 포인트도 적립할 수 있어서 좋아요,5
비대면 약배송 되었을 때 어플이 참 편했는데 그게 막혀서 제일 아쉬워요 다시 비대면 진료 약 배송 되었으면 좋겠슺니다.,5
다 좋은데 걸음수 겁나게 안올라갑니다... 광고에 비해서 이부분은 너무 심하네요... 빠른 개선 바랍니다~,3
지금 꾸준히 사용하고있는데 만보 걷기뿐 아니라 체중 혈압 혈당입력에 비타민 챙겨먹는 기능있어 좋네요 다만 병원 예방접종 최저가 정보가 더 많았음 해요~^^,4
건강에 대한 좋은 정보를 얻을 수 있고 걷기를 통해 건강을 챙길 수 있는 좋은앱이라고 생각됩니다 앞으로도 같이 발전해 나갈 수 있으면 좋겠어요,4
쏠쏠한 건강함의 정보도 얻고. 포인트도 모으고 잘 이용하고 있어요. 더 건강하게 살아요,5
힘들게 아픈 몸을 이끌고 병원에 가지 않아도 의사선생님의 진료를 볼 수 있어서 좋아요 메뉴도 간편하게 되어 있어서 편해요,5
여러가지로 건강관리에 대한 좋은정보 제공해주시고 비대면이라 부담없이 좋읍니다.,4
퀴즈를통해서 의학상식도 알게되고 또 혜택도 많아서 좋네요~~ 포인트도 생각보다 잘 쌓여서 더 좋아요~~,5
정말 편리합니다 전화라도 친절하시고 꼼꼼하게 물어볼수도 있어 좋습니다,5
평소 건강에 관심이 많은데 이 앱은 건강퀴즈를 풀면서 건강정보도 얻을수있고 체중 혈압등 관리하면서 보상도 얻을수 있어 유용합니다,5
매일 약챙겨먹기를 체크함으로서 까먹던 약도 잘 챙겨먹게되었어요 혈압이나 체중도 주기마다 재보니 건강해진느낌이듭니다 그리고 건강퀴즈도 상식을 키우는데 좋아요,5
나만의닥터 잘이용하고 있어요 나만의건강퀴즈도 많은 도움이 되어요 화이팅,5
건강관리하는 앱들 중에서는 편하고 진정 최고의 앱이라고 자부할수 있습니다.,5
동네 근처 병원들을 비교할 수 있고 다양한 혜택까지 누릴 수 있어서 좋아요:),5
현재사용하고있는데 실제로병원을가지않고 비대면병원진료를 할수있어서 아주편했습니다 진료선택할수있는 의사선생님도 많았고 약또한 퀵으로빠른배송을선택할수있어서 편리했습니다,5
다이어트주사제 일일이 병원에 전화해서 확인도 힘든데 앱 사용하니 편해서 자주 이용하게되네요.,5
아이가 아플때 어플켜서 바로 확인을 한 뒤에 전화로 예약하고 가니 편하더라고요 다음에는 방문예약을 해봐야겠네요^^ 건강관리 체크도 가능하네요 ㅎㅎ,5
매일매일 퀴즈 풀고 포인트 받고 건강 관리하고 포인트 받으니까 너무 쏠쏠하고 알찹니다. 건강 관련 상식도 많이 알게되고,5
비대면진료로 최저가 병원찾기도 쉽고 예약도 간편해서 너무 좋아요 만보기 퀴즈등 여러가 보상도 많이 주고 따로 캐쉬주는것도 쏠쏠함,5
"미션으로 건강과 지식을 얻고, 소소하게 포인트도 받을 수 있으니 참 좋은 앱입니다. 더 늦기 전에 깔고 활용하세요~",5
앱을 이용한 예약서비스와 최저가 다이어트팬슬 구매까지 활용하기도 편하네요,5
리워드 받기가 복잡하지도 않고 혜택이 좋아서 앞으로도 애용할겁니다~,5
아주 유용합니다 미션도 많고 캐시와 포인트로 할 수 있는게 많아요,5
매일 매일 건강도 챙길 수 있게 도와주는 쏠쏠하고 고마운 앱이예요. 강추합니다.,5
"최저가 정보도 확인하고, 포인트도 받고 이벤트도 쏠쏠해서 너무 잘 쓰고 있습니다.",5
"현재 잘 사용중입니다. 건강도 챙기고, 포인터도 받고 아주 강추입니다. ^^",5
"앱테크용로 설치했지만 여러가지 의료적정보가 많아 좋습니다. 각종 영양제 섭취와 체중,혈당측정 등 유용한 점이 많습니다",5
유용한 정보도 알게되고 플러스로 포인트까지 주는 좋은 어플이라 너무 만족합니다,5
걷기측정이 너무 안되네요.. 정확도가 10%정도..,3
편하게 앱으로 근처에있는 병원 검색해서 최저가로 이용할수있어 좋네요!,4
매일 건강체크 하면서 병원비도 할인받고 더 열심히 운동도 하게 되었네요,5
가족의 추천으로 다운받게 되었는데 비대면 진료나 병원 관련 정보에 더해 건강 상식을 배울 수 있으면서 포인트도 얻을 수 있어 좋네요 잘 써보겠습니다,5
저렴하게 최저가비교하면서 필요한 약을 구입할 수 있습니다. 공간상 제약도 없구요. 만족합니다.,5
"아직은 조금어렵지만, 괜찮은것같아요. 리뷰이벤트 1.000점 못받았고, 만보기는 잘안됐어요.",4
덕분에 근처에서 최저가로 진료받았어요 매일 퀴즈나 만보기로 캐시 모으는 재미도 쏠쏠하네요,5
생활에 유익한 팁이 많고 건강과 관련 실제 도움을 받을수 있어서 너무 좋습니다~^^,5
건강도 챙기고 포인트도 챙기고 진짜 너무 편하고 좋아요^^ 강추 꼭 해보세요^^,5
우연히 알게된후 매일 들어와서 건강체크도하고 열심히 배우고있네요 덤으로 포인트로 실생활에 도움도되고 강추합니다 건강잘챙기자구여,5
다이어트 처방약은 병원마다 천차만별이라 정보를 알지못해서 답답했는데 나만의 닥터를 이용하면서 너무 편했어요. 정부정책이지만 일반 진료도 볼때 좋았는데 그 점은 좀 아쉬워요. 지금도 편리하게 정보얻고 잘 사용중입니다,5
만보기 건강퀴즈 건강기록을 하면 포인트가 잘 모입니다 추천해요,5
저는 만보기걷기와 퀴즈를 자주이용하고있는데 매일푸는 퀴즈를통해 의학지식들과 몰랐던 내용들을 공부해갈 수 있어서 좋구요~ 매일친구들과 함께 걷기하면서 서로응원하며 걸으니 건강도지킬수있고 좋네요!,5
사용면에서 다른앱에 비해 손쉽고 편해서 좋은거 같아여,5
건강상식도 알게되고 건강콴리도 되고 게다가 보상까지 만족히 사용합니다,4
비대면 진료로 편리하고 간단하게 또 꼼꼼하게 진료할 수 있어 참 유익하고 편리한 우리 가족 필수어플입니다. 다양한 의료 상식 퀴즈와 만보기로 혜택도 받고 일석이조 아니 일석삼조네요. 강추강추왕강추입니다.,5
집근처 최저가 예방접종 찾았는데 완전 이득봤어요 괜히 비싸게 병원비 들뻔했는데 너무 편리하고 좋았어요.,5
잘 사용하고 있는데 걸음수 측정이 자주 오류나네요.,4
나만의 닥터 앱 퀴즈로 건강정보도 얻고 만보기 미션으로 보상도 얻고 좋네요.,5
이건 레알 확기적인 앱이네요 집에서도 처방이 가능한 세상이 왔네요 앱도 보기좋게 메뉴가 정돈된 앱을 오랜만에보네요,5
건강의 유익한 정보들이 가득한 퀴즈와 적립 재미와 포인트를 모두 획득하는 앱 입니다.,5
만보기 로 사용하기 좋아요 걸으면서 포인트 얻고 퀴즈로 건강상식 얻을수 있어서 좋네요,5
건강상의 문제를 정확히 파악하여 해결책을 제시해주는 맞춤형 닥터같은 어플이네요 추천합니다~,5
포인트모으기 쉬워서 매일 하고 있어요 퀴즈풀다보니 건강상식도 생기고 좋아요~,5
비대면 진료를 받을 수 있고 ui자체도 깔끔해서 사용하기에 너무 편하고 좋아요,5
여러 몰랐던 의학에대한 지식도 얻을수 있습니다 매일 들어가서 약먹는것도 안잊고 먹을수 있고 여러모로 도움 많이 되는 어플입니다,5
포인트 잘받고 있습니다 가끔씩 어플이 느려서 안들어가지는것 빼고는 아주 좋습니다 감사합니다,5
병원 가격이 은근 천차만별인데 진료비 뿐 아니라 의사들에 대한 정보도 미리 알아서 병원을 선택하러 갈 수 있어서 좋아요!,5
매일 알찬 건강 정보 얻어갑니다 현대사회 원격처방도 새롭구요 보너스로 얻어가는 캐시도 좋아요 ^^,5
비대면 진료 뿐만 아니라 대면 진료까지 정말 편리하게 이용했습니다ㅎ,5
가끔 오류 나지만 여러가지 도움되는 의학상식도 배울수있 어 도움이 됩니다.,5
만보기로 포인트도 얻을수도 있고 이벤트도 많아서 너무 좋아요!,5
건강상식도 많이 배우고 포인트도 쌓고 잘 이용하고 있습니다,5
독감 4가 백신 예약해서 5000원 싸게 잘 맞았어요.예약도 쉽고 편리하네요.,5
건강퀴즈를 풀고 얻은 닥터포인트를 통해 다양한 상품을 구매하거나 진료비에 사용할수 있어서 좋습니다,5
건강관련 좋은 정보도 많고 이벤트도 좋아요 긍정앱입니다,5
건강상식을 잘 설명해주어서 좋다 이해하기 쉬운 설명도 굿,5
포인트가 잘 모이고 퀴즈들이 유익해서 재미있게 하고 있어요!,5
비대면 진료로 잘 이용했습니다만 법이 바뀌어서 예전같지 않은게 좀 아쉽네요ㅠ,5
건강에 관한 토막지식도 알고 동시에 포인트도 받을수있습니다.,5
건강에 대한 많은 정보와 포인트 이벤트. 추천할 만한 앱입니다,5
건강에 대한 상식도 좋아지고 건강도 챙길수 있어서 좋습니다,5
"건강에 도움 되는정보도얻고 건강기록이나 약먹는거 까먹지않고 체크가능, 혜택크기는 크지는않은것같으나 광고누르게 만드는 다른앱들보다 좋아요~",5
유익한 정보도 많이 주고 무엇보다 건강에 대한 상식과 포인트 주고 너무 좋아요 다른분들도 꼭 사용해보세요,5
건강상식도 퀴즈로 알게되고 포인트도 받고 걷고 또 포인트받고 좋아요,5
매일 퀴즈참여로 건강정보도 얻고 포인트도 받을 수 있어서 좋아요!,5
포인트 쌓아 네이버포인트 바꾸기 좋아요 건강상식도 생겨서 좋구요 포인트 금액이 더 커졌음 좋겠네요^^,5
진료비 최저가 비교에 비대면 진료 서비스가 편리해서 자주 이용해요,5
"건강,상식도챙기고 포인트도얻고 너무좋아요",5
나만의 닥터 덕분에 저렴하게 진료도 보고 모은 캐쉬로 쿠폰도 구매할 수 있어서 넘 좋아요!!^^,4
건강에 대한 정보도 얻고 포인트 받으며 건강관리도 할수있어 좋아요~,5
나만의 닥터 비대면 진료도 볼 수 있고 다양한 의료정보도 퀴즈로 공부 할 수 있어 좋아요,5
폰으로 간편하게 진료를 볼 수 있어서 좋아요,5
"다양하고 전문적인 건강정보와 이벤트, 건강을 지킬수 있게 해주고 질병이 생겼을 경우 전문의사 및 의약품을 연결시켜주는 정말 유익한 어플인것 같습니다~^^*",5
의료 정보도 얻고 건강 관리도 하고 병원 할인도 받으며 앱테크를 할 수 있는 최적의 앱입니다.,5
아주편하게 처방전과 약구매를 마칠 수 있었습니다 . 또한 같이 제공되는 만보기및 각종미니게임형식이 매우흥미롭습니다,5
건강도 실속도 짱짱^ 부지런해지는 습관을 만드는 앱이에요~^^,5
병원갈 시간 없을때 비대면으로 처방받는다는게 굉장히 편리함. 데일리 퀴즈이벤트로 적립금도 쏠쏠히 쌓이는것도 최대장점,5
다이어트때문에 고민이 많아 앱을 찾다 알게되었는데 덕분에 좋은 병원을 알게되어 주위에 소개도 많이 했답니다.,5
건강에 도움 많이되고 퀴즈도 유용합니다,5
코인 보상도 넉넉하게주고 병원비도 아낄수 있어서 좋네요,5
나만의 닥터로 건강도 찾고 포인트도 찾고 일석이조입니다. 매일 만보로 포인트 잘 챙기고 있습니다,5
"모든 의료적인 정보가 방대하고, 꼭 필요한 정보를 알려주고, 포인트 모아서 기프티콘 사는것도 쏠쏠해요",5
"걸음수, 영양제 등 매일 건강 챙기는데 도움되요",5
포인트 쌓기가 좋습니다 더불어 의료 지식도 쌓을 수 있어 일석이조네요,3
광고없이 간편하게 포인트를 모을수 있어 좋아요,4
만보기와 건강퀴즈로 포인트 획득으로 재미도 느끼는 어플이라 좋습니다,4
나만의닥터 급할때 진료할수있고 건강상식까지 챙길수있는좋은앱입니다,5
나만의 닥터로 인해 매일 잊지않고 약도 챙겨먹고 체중조절도 하게되고 만보걸으면서 건강까지 챙기게 되네요,5
스스로도 하기 힘든 건강관리를 대신 해주는거 같아요! 만보걷기미션 짭짤해서 억지로라도 걷다보니 건강해진 느낌?! 모은 포인트로 기프티콘 구매도 가능해서 좋아요^^ 다만 가끔씩 인식을 못해서 답답할때가 있긴해요ㅎ,5
하루하루 빠짐없이 건강기록을 할수있고 잊지않게 알람까지오니 좋아요,5
건강관리하고 포인트도 챙길수있어서 좋아요,5
하루 종일 접속이 안되녀요...파란화면만 무한로딩. .,5
병원예약 편리하게 사용하고 있어요 다양한 의료정보와 건강관리에 많은 도움됩니다,5
탈모 고민으로 나만의 닥터를 찾았는데 의약정보부터 병원정보까지 도움이 확실히 바드을 수 있었다. 최근에는 독감예방주사 비교로 상당한 도움이 되었다. 타 사이트 보다 비교가 안된다.,5
"유익한 건강 정보 상식 제공 및 혈압, 당뇨,몸무게 측정으로 포인트도 적립하면서 평소에 소홀했던 자신의 건강을 체크하며 관리할 수 있는 기능이 있어 나만의 주치의가 있는 듯 든든하고 매우 유용한 앱입니다.",5
항상잘사용하고출근길매일보고관리하는어플입니다,5
건강 관련 퀴즈를 풀면서 건강상식도 얻을 수 있고 덤으로 포인트로 각종 쿠폰을 받을 수 있어서 좋아요,5
만보기가 가끔 에러가 떠요. 걸음수가 카운트가 안됨 갤럭시 A7에서 앱이 작동 안하믄 메뉴 있어요 만보기에 들어가기 안됩니다,5
"걸어서 머니 받고 퀴즈 맞춰서 머니 받고 먹는약 있으면 기록하고 포인트 박스받아 머니 받고 체중기록 하고 포인트 박스받고 모은 머니는 상점에서 네이버 포인트 교환등 여러가지 상품으로 교환할수 있고 유익한 건강 정보를 제공 해주는 고마운 앱입니다 ""추천합니다 """,5
빠른속도 및 걷기 보상 좋아요,5
아주 간편하게 진료와 처방을 받을수 있네요. 저는 처음에 탈모 처방을 위해 여기저기 수소문 하다가 알게 되었는데 너무 편합니다.,5
나만의 닥터를 통해서 실제로 병원을 알아보고나서 멀어도 일부러 내원해서 약물을 처방받았어요. 25일 후쯤 나만의 닥터를 통해서 대면진료기록 확인후에 너무 멀어서 2번 3번 가기가 힘들어서 비대면 진료로 약물을 받으려고했어요 그런데 병원 원장님이 비대면진료는 안한다면서 거절을 눌렀어요. 저는 나만의닥터를 통해 그 병원이 비대면진료하는 병원으로 분류가되어있어서 멀어도 그나마 최대한 가까운 곳으로 갔던거예요. 원래 그 병원말고 더더더 가까운 병원이 있긴하지만 아주 가까운 병원은 비대면진료를 안하는 병원이라 나만의닥터에 조회되지않아서 일부러 나만의닥터로 비대면진료가 되는 병원을 알아보고 멀어도 힘들어도 지각까지해가면서 방문했었던건데 이제외서는 비대면진료는 안하고 대면진료만 한다는데 무슨 사람을 똥개 훈련 시키는것같아서 기분더러워요 비대면진료 안하는 병원이면 비대면진료 안하는 병원이라고 똑바로 표시를하든 나만의닥터 비대면진료 안하는 병원으로 제외를 시키세요! 사람 개고생시키고 환자늘리지말고.,1
건강 상식도 재미있게 퀴즈를 풀면서 알수 있어 유용하게 사용할수 있어요,5
건강퀴즈와 만보기로만으로도 포인트 줍도 되고 이것저것 건강정보도 굿!,5
건강퀴즈가 포인트 쏠쏠하게 쌓이는데 걸음수 카운트가 잘안되서 만보기는 잘안되네요,4
타어플보다 리워드도 좋고 퀴즈와 만보기기능이있어 재밌게 잘쓰고있습니다.,5
조금 더 다양한 보상과 베네핏이 있으면 좋겠어요. 발전을 기원합니다.,4
다좋은데 걸음수 많이 씹히네요 13000걸음걸었는데 5천걸음은 좀 심하지 않나..,5
각종 건강 상식 정보 제공과 걷기를 통한 돈과 건강 챙기기 정말 좋은 앱입니다. 최고 ^^,5
"병원정보 조회 및 퀴즈, 만보기 이벤트 등등 다양하고 참 좋네요^^",5
비대면진료때 너무 간편하고 앱에있는 포인트로 보다 저렴하게 구매했습니다~,5
코로나때 비대면 진료로 싸고 쉽게 처방받아서 좋았어요~ 지금은 비대면 처방이 없어져 아쉽지만 최저가에 약을 구매할수 있어서 좋아요,5
병원에 직접 가지 않고 진료를 받을수 있어서 좋고 건강 상식을 알수 있어서 좋았습니다 덤으로 포인트까지 얻을수 잇어서 정말 최고입니다,5
경쟁이 치열해진 같은 종류의 여러 어플중에 가장 이용자와의 소통과 이벤트 많은거 같아서 좋아요,5
"매일 만보 걷기를 통해 건강도 챙기고, 건강퀴즈와 만보기, 걷기모임, 약 챙겨먹기 등을 통해 포인트도 잘 모으고 있습니다.",5
걷기해서 건강도얻고 포인트도얻고 좋네요,5
언니 추천받아 매일매일 포인트받기위해 운동하네요ㅋ 유용하게 잘쓰고 있어요,5
건강에 대한정보릉 많이알게되어 좋습니다.,5
비대면 진료도 앱으로 간편하게 할 수 있고 퀴즈로 포인트 벌어서 쓸 수 있고 좋아요,5
매일 건강퀴즈로 건강 상식도 쌓고 캐시도 받을 수 있어 좋습니다.,4
병원정보도 얻고 포인트도 받고 최고에요!,5
만족합니다. 다양한 건강상식을 알 수 있어 아주 유용한 앱이에요.,5
새벽에 진료볼 수 있는 건 좋은데 제일 빠른 배송을 선택해도 문을 연 약국이 없으니 아무 소용이 없네요. 진료보다도 약이 급한데 퀵 되는 지역이라고 해서 믿고 이용했는데... 다시 쓰진 않을 것 같아요.,2
"약배송 받는 과정에서 기사실수로 약을 못받게 되었었는데, 상담원분이 빠르게 처리해주셔서 기분이 바로 좋아졌어요 닥터나우 최고........앞으로 계속 이용할께요!!",5
다른어플들은 걸음수측정이 되는데 이건 이상 하게 아무리걸어도 걸음수측정이 안됩니다 그리고 예전보다 포인트가 줄은거같아요,3
예약은되는데 재고없다고 계속취소 되고 짜증나네요.서버속도도 더럽게 느리네요.,1
병원예약할때 좋아요! 여러곳 비교할수 있어요,5
"광고에는 한 달 3만원 이상이라고, 실제로는 하루 몇 십원? ㅋ 걸음수도 일주일째 거의 카운트 안되고.. 조금 더 써보고 지울 듯 하네요.",1
너무 사용하기 편하고 자주 애용하는앱이네요,5
평소에 많이 걸너다니는 편인데 뭔가 돈을 버는 느낌이라 활용도가 높은 편입니다.,5
"좋은 어플입니다. 포인트,캐시 적립도 괜찮고요 활용도도 만족합니다",5
병원관련 용도에 따라 찾기가 너무좋아요~,5
약처방을 받기위해 설치하였는데 건강도 관리 할 수 있게 되어있어 좋습니다^^,4
좋아요 완던 꿀팁도있고 포인트도 잘쌓이고 좋아요,5
근처 병원을 최저가로 검색할 수 있고 포인트 모으는 재미도 쏠쏠하니 좋은거 같아요.,5
앱의 정보가 다양해 편하게 알수 있어서 좋다.많은 사람들이 활용하면 좋을것 같다.,4
"나만의닥터 덕분에 평소억 신경쓰지않던 건강도 챙길수있고, 퀴즈로 포인트모아 네이버페이도 받고 안할이유가없네요!",5
정말 좋아요 포인트 모으는거 너무 재미있네요ㅎㅎ 이 어플을 깔고 건강을 더 신경쓰게된것같아요~,5
"앱테크로 사용하기 시작했는데, 매일 퀴즈로 건강상식도 얻고 건강, 병원에 대한 여러 정보를 얻을 수 있어서 좋아요. 체중, 혈압, 혈당등 기록할 수 있어서 건강관리에도 유용합니다. 굿굿👍",5
"만보기로 캐시도 얻을수 있고, 포인트도 주는 건강퀴즈까지 풀 수 있어서 정보도 얻고 포인트도 얻고 일석이조라 너무 좋습니다",5
나만의닥터로 많은혜택보고있어요. 잘쓰고있습니다.,5
써보니까 건강관리도 잘 되고 포인트도 잘쌓여서 매우 만족합니다,5
"도움이 되는 건강 정보를 얻을 수 있고, 걷기 외에도 체중 혈압 혈당 약복용도 관리할 수 있어서 좋아요",5
덕분에 건강 상식도 알고 최저가로 병원진료도 받았어요 나만의닥터 너무 감사합니다!,5
나만의닥터 앱으로 만보도 걷고 건강상식퀴즈도 풀고 쏠쏠한 포인트모으는 재미도 있음,4
"AI건강진단을 할 수 있다는 것이 새롭기도 하고 걸음수 뿐 아니라 영양제 섭취, 혈압 측정 등 여러가지 건강을 위한 습관들을 만들어가면 포인트를 줘서 건강습관 만드는데 도움이 돼요",5
리워드는 발생은 만족하나 받은 리워드를 적립할 수 있게 접근성과 편의성이 개선되길 기대함,4
나만의닥터 같은 앱을 알게되어 좋네요 앞으로 편리하게 이용 가능할거 갇습니다,5
병원 후기를 보면서 병원선택이 가능하고 저렴한 벙원 선택과 추가 포인트등 좋은것 같아요,5
"건강 정보와 건강 관리, 그리고 포인트를 모아 사용할수 있어 아주 좋은 앱입니아.",4
독감백신 가격비교가 가능해서 너무 좋네요 덕분에 우리동네가 저렴한거 알게됐어요,5
나만의 닥터를 통해서 매일 퀴즈를 푸는데 좋은 상식을 얻을수 있어서 제겐 너무 유용한 앱이에요.,5
매일 건강체크도 할수있고 몰랐던 의학상식도 알수 있어 좋아요~미션완료하면서 받는 캐쉬로 기프트콘구매와 함께 비대면으로 진료도 받을수 있으니 일석삼조 ㅎ 아무튼 도움이 많이 되는 어플입니다,5
돈도 쌓이고 건강 지식도 얻고 이벤트로 영양제도 주셔서 감사히 쓰고 있습니다.,5
지방이라 병원이 한정되어 있어서 딱히 도움은 되지 않아요ㅜㅜ 그래도 퀴즈덕분에 건강상식도 배우고 재미도있고 혈당관리등등 하루하루 체크하면서 건강관리에도 좀 신경쓰게 되더라구요~~,5
만보기 덕분에 운동도 잘 되고 일상생활에 참 유용하고 좋습니다 감사합니다,5
간단하게 이런저런 의료정보도 알수있고 포인트도 얻을수 있어서 좋은거 같아요,5
나만의 닥터를 비대면 진료를 위해 사용 했는데 예약 시간을 내가 선택 할수 있고 편허게 상담후 진료 받을수 있어 좋았고 약도 저렴하게 집에서 편허게 받았습니다,5
"주위 병원의 진료비를 비교해 볼 수 있고, 캐시도 모아서 사용할 수 있어 좋아요~",5
건강 상식도 알고 만보기로 운동도 되고 비대면 진료도 할 수 있는 건강앱 중에는 최고 입니다,5
처음엔 그냥 별 관심없고 설치했는데 기대이상으로 많은 도움을 받고 있습니다. 여러 정보제공이 최고입니다.,5
사용하기 편리합니다 추천해서 설치하고 봤는데 실생활에도 잘쓰고 있습니다 추천합니다,5
유익한 건강 관련된 정보 제공 및 보상 또한 우수한 훌륭한 어플입니다.,5
나만의닥터를 사용하며 건강관리도하고 건강퀴즈도 풀며 시직도 쌓고 정말 좋아요ㅎㅎ,5
만보기 맨날 오류나고 꺼져서 못하겠음. 설정 바꿔도 안되고 앱 지웠다 깔아도 안됨,1
퀴즈를 통해서 좋은 정보도 얻고 영양제 특가도 있어서 좋네요,5
포인트를 모아서 진료 볼 수 있어서 좋고 여러 병원을 비교할 수 있어서 더 좋아요!,5
집 근처의 병원들을 검색해서 확인해볼 수 있고 합리적인 가격으로 진료받을 수 있어서 좋아요.,5
업뎃이후 알림허용 권한설정하라고 뜨는데 설정되어 있는데도 만보기 안됌.ㅡㅡ,1
유익한 정보도 얻고 캐시도 받을수 있어 너무 좋네요! 매일 나를 관리하는 계기가 되는거 같아요,5
건강정보도 알고 친구들과 같이 걷고 포인트도 받을 수 있어 좋네요,5
티끌모아 태산같은 느낌이 드네요 관리자님 화이팅입니다 모두 열심히 걸읍니다!!,5
앱 사용이 쉽고 경제적인 건강관리와 함께 캐쉬도 모을 수 있어서 좋왔어요,4
유용한 건강정보와 자기관리를 할수있는 좋은 앱이네요 앞으로도 좋은 정보 부탁드립니다,5
크게 힘들지 않은데 포인트 잘 줘서 매우 좋아요,5
건강관리하기에 좋은 역할을 해주는 앱입니다:)!!,5
만보기 설정으로 잘 작동하네요,5
건강에 신경쓸 나이인데 건강 정보도 얻고 혈당 혈압등도 괸리하면서 앱테크도 할수있어 두마리 토끼를 잡는것 같습니다,5
퀴즈나 약 챙겨먹는 미션 수행으로 포인트를 모아서 상품 교환도 가능하니 재미삼아 괜찮아요,4
합리적인 가격으로 간편하게 진료를 볼 수있고 앱테크로 추가적인 혜택도 풍성합니다.,5
나만의닥터때문에 다양한 퀴즈로 건강지식도 많이챙기고 닥터캐시로 소소한것도 챙겨서 좋아요,5
아직 지방은 혜택이 적지만 그래도 퀴즈나 미션으로 포인트를 모아서 사용 가능하니 유익한 앱이쥬,5
코로나 걸리고 비대면 진료가 필요해서 시작했는데 넘 편해서 그 이후로 쭉 잘 이용중입니다^^,5
"처음에는 네이버페이로 교환할 수 있다는 포인트때문에 가입했는데 사용하다보니 병원정보, 질병정보 등도 알 수 있고 건강퀴즈로 재밌게 건강상식도 알 수 있어서 좋네여",5
건강퀴즈로 쌓는 포인트도 쏠쏠하고 만보 걷는걸로도 포인트 받을수 있어서 쏠쏠하네요 스타벅스 쿠폰으로 여러번 바꿨어요 ㅎㅎ,5
매일 스스로 건강관리를 할수있어 넘좋아요 건강관련 유용한 정보도 얻을수 있어서 좋네요,5
동네 최저가 병원 조회도 되고 포인트도 쌓고 알뜰히 쓸수있어 좋습니다.,5
캐시를 네이버포인트로 전환해주니.넘 좋네요. 동네병원들 정보도 있고 유용해요,5
간편하게 많은 포인트를 얻을 수 있어서 좋습니다,5
탈모약을 찾다가 나만의닥터 어플을 알게되었는데요. 가까운 곳의 저렴한 병원을 찾을 수 있어서 좋았습니다.,5
나한테 필요한 병원을 검색하여 합리적으로 진료를 받을수있어 좋음,5
나만의닥터사용시 검색이 좋으나 주변 병원이 등록이 많이 안되어서ㅠ,4
매일 건강챙기면서 포인트도 추천합니다,5
사용하기편리하고 포인트도 많이 쌓입니다 만족하며 사용중입니다,5
피드백이 빨라요. 벌써 5천원 권 3번 교환했어요. 매일 로그인 해야는데 수정되면 좋겠어요. 만보기 잘 쓰고 있어요.,5
아침마다 건강퀴즈로 건강정보도 획득할수 있고 다양한 알림으로 약도 챙겨먹고 걸음수대로 포인트도 지급 받을수 있는 일석 몇조 앱이네요,5
운동에 도움도되고 좋네요!,5
편리하게 정보를 알수 있게 해주고 여러가지 혜택을 받게 해주어서 잘 사용하고 있습니다,5
"저는 다리가 좋지 않아 작은 감기 정도는 그냥 참고 지낼 때가 많았습니다. 병원에 가서 약을 받는 것보다 그것 때문에 밖에 나가는데 드는 에너지와 스트레스가 더 컸습니다. 최근에는 코로나 때문에 조금만 열이 나도 걱정이 될 때가 있었는데 이걸로 정말 오랜만에 감기 진료를 받아본 것 같네요. 원격으로 진료를 받을 수 있다는 점은 너무 고마울 따름입니다. 아직은 모든 진료과가 가능한 것 같지는 않지만, 더 많은 의사분들이 있으면 좋겠네요. 고맙습니다.",5
건강관리하면서 광고없이 앱테크 가능해서 좋아요,5
건강 관련 헷갈렸던 것들도 퀴즈를 통해 새롭게 알게되고 병원 정보도 찾기 편해요,5
편리하고 너무 좋아요~ 비대면 진료 없어져서 조금 아쉬워요~,5
리워드앱 중에 시간을 많이 뺏기지않고도 적립이 쏠쏠한 편이에요^^,5
탈모약하고 통풍약을 비대면처방받아 잘먹고 있습니다. 최고입니다.,5
다양한 메뉴에 건강과 즐거움이 어우러지는 유익한 앱...,5
유용한정보를줘서 덕분에 편리하게 이용할수있어서 좋앗어요,5
다양한 이벤트와 매일 출석체크 건강 상태 확인 등 매우 유용한 것 같아요,5
추천받아서 이용해봤는데 리워드 적립도 되고 가격비교도 되서 유용하고 좋네요,5
퀴즈 맞추면서 정보도 얻고 캐시로 네이버페이도 교환할 수 있어서 좋습니다!,5
일단 건강퀴즈로 정말 많은 걸 알아가서 너무 좋아요 :) 다시 보고 싶은 글은 카톡으로 공유해서 저장하고 보기도 해요~ 혈압이나 체중을 기록할 수 있어서 관리하기도 편해요. 비대면 진료가 꼭 계속 유지돼서 필요한 분들에게 도움이 되었으면 좋겠습니다!,5
건강에 관한 정보(퀴즈)를 제공해주니 건강을 챙기고 걸음수(만보기)에 따라 포인트를 지급해주니 포인트(기프티콘)도 챙기고 매일 열심히 사용하고 있습니다.,5
건강을 관리하고 필요한경우에 비대면 상담이 가능해서 편하게 사용하고있습니다,5
백신최저가를 자동으로 찾아줘서 편하고 비용을아낄수있었어요,5
걸음수와 건강정보를 알려줘서 좋아요.,5
일상에서 건강관리도 잘하고 비대면 진료도 편해서 좋습니다.,5
퀴즈 맞춰서 얻는 포인트로 네이버포인트를 받을 수 있어서 좋습니다.,5
만보기가 측정이 잘 안되는거 빼고는 좋네요 영양제도 챙겨먹기 알람설정할수있고 좋아요,4
진짜 이런 좋은정보와 기능에 만보기까지 적극추천합니다.,5
편리하게 예약도 되고 진료비까지 할인되니 안 쓸수가 없네요.,5
진짜 별로네요 갑자기 결제가 두번 되질않나 의사선생님께 전화드려보니 여기서 취소하라던데 상담문의 몇분 걸린다해놓고 계속 기다리게하고 결국 환불은 안되고 참 별 하나도 아깝습니다,1
퀴즈를 통해 건강지식도 알고 만보기등등 포인트도 쌓을수 있는 꿀앱입네요,5
병원갈시간이없는 분들에게 유용한 앱입니다. 자기건강관리하는분들에게도 기록할수있고 꿩먹고 알먹고~항상잘이용하고있습니다.,5
포인트도 잘 쌓이고 아주 좋아요,5
설명이 친절하고 보기 편해서 쉽게 이용할 수 있어요!,5
앱에 접속하자마자 진료과목별 증상별로 구분해서 검색할 수 있어서 좋아요. 아무래도 병원을 찾을 땐 따로 검색해서 찾아봐야 하는데 앱을 사용하면 좀 더 접근이 쉬울 것 같습니다. 만보기 기능도 있어서 포인트 획득 하면서 앱 사용 동기부여에도 더 좋을 것 같아요.,5
간단하면서도 빠른 앱테크 보상이 좋아요 건강 정보도 유용해요,5
매일 퀴즈를 통해서 포인트를 모을수 있고 다양한 정보를 제공 받을수 있어서 너무 좋습니다,5
"닥터포인트를 비급여진료시에만 사용가능하게 되있는데요. 급여처리되는 간단한 치료가 대부분이라 포인트들이 쌓인다해도 실질적으로 사용도 못하고. 그저 보여주기식인것 같아 매우 아쉬워요. 있어도 쓰질못하는데 솔직히 이 어플을 계속 쓸이유가 있나싶고요.. 치료중인 질병이 있거나 복용중인 약들이 있거나.. 알러지등 있는 사람들은 어떤곳이던 진료전 늘 미리 말씀드려야하는데요 어플 내 개인정보 부분이던 어딘가에 그런 특이사항들을 작성, 의사분이 열람가능하도록 해주시면 좀더 진료가 수월해지고 편리할것같아요",4
나만의닥터로 편리하게 병원예약도 하고 할인도 받고 너무 좋습니다,5
비대면 진료가 시간 없는 직장인인 저에게 큰 도움이 되네요~ 편리해요~!,5
나만의닥터로 건강상식도 건강도 캐시 쌓는 재미도 너무 만족합니다,5
저렴한 약국을 찾아서 배송까지 받을 수 있어 너무 편리합니다,5
건강에신경쓰게되고 걷기도 의식적으로걷게되네요건강퀴즈도 좋아요,5
정말 신세계.. 지인 추천으로 사용해봤어요. 비대면진료 앱들 중에서 가장 깔끔하고 신뢰가 갑니다. 모든 절차에서 명료하게 진행 상황을 잘 알려줘서 처음 이용해본 사람이어도 잘 쓸수 있을 듯합니다. 앞으로도 많은 사람들이 사용할 수 있도록 번창하길 기원합니다,5
비대면 진료에 대한 막연한 걱정이 있었습니다. 그러나 이것이 기우였다는걸 깨닫는데 시간이 많이 필요치 않았습니다. 나이드신 분들이 사용하기에 분명 어려움이 있겠지만 계속 발전 시키리라 믿습니다.... ex)언어 명령 체계(클릭 말고)등등,4
"건강정보도 확인할 수 있고, 건강관리하기 좋은 어플인 것 같아요~",5
정말 좋은 어플이에요! 퀴즈로 건강에 대한 지식도 올라가고 영양제도 꾸준히 더 잘먹게 되었어요. 근처 병원 선생님도 미리 알고 어떤분인지도 알고 갈 수 있어서 좋아요 비대면은 말해모해요 완전짱이에요,5
일하느라 병원갈 시간도 없는데 비대면으로 병원 처방 약을 구입할 수 있어 매우 편리합니다. 이벤트도 많아서 더욱 자주 애용하게 되네요.,5
결제가 안된다고하고 다시해달라하고 연속으로 자동결제를 시키면 어쩌자는 거에여 10번연속 결제가 됐어여,1
여러가지 포인트를 쌓고 건강상식및 만보기기능도있어서 좋네요,5
"정확도는 더 사용해 봐야 알것 같고, 주는 포인트가 인심후함",5
앱 사용이 편하고 포인트로 기프티콘도 살수있어서 너무 좋아요,5
의사선생님 선택해서 진료예약하면 비대면 종료됐다고 하는 게 너무 많네요 몇번 하다가 그냥 포기함,3
잘쓰고있음. 정보도 은근 쏠쏠,5
다양한 활동과 혜택이 있어서 좋아요. 앱 사용도 편하구요,5
지방인지라 탈모성지에 가기가 현실적으로 어려워서 비대면 앱을 찾다보니 알게 되었는데 비급여항목도 포인트로 결제되고 나름 괜찮습니다 비급여 말고도 결제가 가능하고 포인트로 구매가능한 아이템 같은것들이 있으면 더욱 좋을거 같네요,4
소화기능이 좋지 않아서 속이 자주 더부룩한데 나만의 닥터를 이용해서 간단하게 진료를 받을 수 있어서 편리하더라구요. 그리고 인터페이스가 너무 깔끔해서 어플리케이션이 굉장히 직관적이라 사용하기 편하네요. 덕분에 좋은 서비스를 받을 수 있게 되었습니다. 감사합니다.,5
만보기 체중 혈당 혈압 체크 등 생활습관도 기르면서 건강도 챙기고 다양한 건강 지식도 쌓으면서 지원금까지도 받을 수 있는 어플이라 좋아요,5
접속이 안됩니다!! 빨리 개선해 주세요,5
사용해 보니 정말 편합니다. 병원 가격도 다양하다는것도 알게되었어요,5
주위에 최저가 병원을 찾을 수 있어요. 다양한 이벤트가 있어서 좋아요.ㅎㅎ,5
비대면 진료도 받을 수 있고 다양한 혜택이 있어서 유용한거 같아요~,5
나만의 닥터로 많은 정보을 통한 건강지킴이가 될것 같아 많이 유용하게 쓸수 있을것 같네요,5
"깔금한 디자인 ui는 기본이고 지금과같은 코로나시대에 비대면진료를 할수있다는점에서 정말 다수에게 도움이될거같아요 특히 코로나 재택치료로 진료비,약값,배송비까지 무료인데 사용안할수가없겠죠? 이 어플을 이용하시어 합리적인 선택을 하시길바랍니다",5
비대면 진로가 가능한 앱이어서 편리합니다. 퀴즈를 맞추거나 하루 걷는 걸음수에 따라 포인트를 지급해주는데 이를 진료비로 사용할 수 있어서 좋은 것 같습니다. 물론 비급여에 한정되어 있긴한데 급여에도 제한적으로 사용할 수 있게 되면 더 좋을것 같네요.,5
요즘같은 시국에 비대면 진료가 가능하고 다양한 진료과목들이 있어 당장 병원에 방문하기 어려울 때 유용하게 사용하기 좋을 것 같습니다. 앱 자체의 접근성도 좋고 어르신들도 설치 대신 해두면 간편하게 이용할 수 있게 복잡하지 않은 디자인이라 맘에 들어요!,5
앱 활용 잘하고 있어요~ 건강상식도 늘리고 건강식품 알림기능도 사용하고 있고 포인트로 네이버페이 교환도 하고 좋아요😀,5
비대면 진료범위가 축소되긴했지만 장애인 가족이 있는경우 유용하게 비대면진료를 받을수 있어 편했어요.,5
응원 보낼 때마다 로딩 있음 + 응원 주고받거나 박스 열 때마다 오는 푸시 끌 수 있다면,5
일단 네이버페이 500원 부터 결제가 가능한게 넘 좋습니다!,4
퀴즈 등 포인트박스를 많이줘서 좋아요 그런데 만보기는 오류나서 안올라가네요;;,3
날마다 퀴즈풀고 포인트모으는 재미가 솔솔 다만 가끔 만보기에 걸음수가 제대로 미반영,4
"앱이 심플해서 쉽고 좋아요. 특히나 아직은 병원이 가까워 내원하고 있지만, 내원이 힘들때 비대면 진료가 가능한 어플을 가지고있으니 든든하네요 게다가 챌린지 통해 포인트 적립도 차곡차곡! 걷기챌린지 카운팅만 잘되면 백점일듯요!",4
근처병원검색도좋고 요즘독감주사가격비교도할수있고 도움되는게많아좋네요~,5
건강 관련 퀴즈를 풀면서 유용한 건강정보를 얻고 있습니다. 앱 덕분에 매일 만보씩 걸을 수 있어서 좋아요.,5
건강관리에 많은 도움을 받을 수 있어서 좋아요. ^-^,5
나만의닥터로 비대면진료도 받을수있고 건강에필요한 지식도얻으며 네이버페이도 받고 건강에많은 도움을받고있습니다,5
나만의 닥터 매일 먹는 영양제 알림과 퀴즈와 건강한마디로 하루를 시작하며 교환가능한 네이버페이까지 얻을수있어 추천합니다~!,5
만보기 건강퀴즈 매일하면서 지식도 쌓고 운동도 열심히 하고 있어요 굳굳,5
"넘 에러가 많이나요. 만보걷기도 아무리 걸어도 걸이수가 올라가지도 않고... 다른 앱은 잘 표시되는데, 이건 다시 깔고 다시 깔고를 몇번째 반복하는지 모르겠어요. 새버전 받고 심해졌으니 새버전을 왜 업그레이드 해야하는건지... 걷이수는 포기 해야할듯",2
"만보기, 퀴즈, 영양제 챙겨먹기등을 통해 캐쉬를 얻을수있고 그걸로 네이버페이로 교환도 할수있어 유익하고 쏠쏠한 앱이에요",5
가장 빠르고 간편한 앱테크! 필수 건강 상식은 덤! 고민하지 말고 설치 고고!,5
이렇게 편한 어플이 있는 줄 몰랐어요 좀 더 빨리 알고 포인트모을걸ㅠ,5
걷는것만으로도 포인트가 엄청 싸이네요 ㅎㅎㅎ 너무 좋아요!,5
사용하기 편리하고 혜택이 좋네요,5
매일걷기와 건강상식퀴즈 정말 좋습니다. 리워드제도도 좋아요!,5
걷기등 미션을 통해 캐쉬와 포인트를 얻을수 있고 포인트로 병원비 할인등 여러가지 혜택을 누릴수 있네요 병원 알아보기와 예약까지 할 수 있어 편리해욕시,5
좋아요~ 병원문 다 닫았으때 비대면 진료해봤는데 쉽고 편리했어요~,5
다박엡임다. 건강정보도얻고....포인트도 많이줘유..ㅎㅎ 최고임👍,5
요즘처럼 코로나 때문에 개인이 빠르게 건강체크해야 하는 게 중요한 때에 꼭 필요한 것 같아요 ui도 알아보기 쉽게 잘 정돈돼 있다고 느껴져서 앞으로 더 자주 애용할 듯합니다 추후 문제상황이 발생했을 때에도 발빠르게 대처한다면 좋을 것 같아요!,5
비대면진료 어플을 처음 사용해 보았는데 메뉴 중간중간 설명을 잘 만들어놔서 이용하기 편리합니다. 진료는 원했던 시간에 빠르고 정확하게 이루어졌고 약 구입도 저렴하게 할수 있어서 좋습니다,5
같은 앱들에 비해 속도도 빠르고 완전 나만의 주치의에요 의사샘 뵙는것보다 친절하고 기능도 많아서 큰 병 아니라면 굳이 요즘 병원갈 필요가 있나 하는 생각도 들게 하더라구요 또 이벤트가 많아서 자꾸 참여하게 되고 특히 평일 열리는 퀴즈는 자연스레 똑똑하게 만들어줘서 감동까지 주네요 만점앱입니다,5
근처에 있는 병원을 알기 쉽게 검색하고 진료도 받았어요^^,5
"건강퀴즈, 만보기, 혈압, 혈당, 체중 등등의 여러 정보를 입력하고 포인트 받을 수 있어서 좋아요.",5
"걸음걷기, 건강퀴즈, 건강보조제 체크 등 건강지키기에 필수인 것들을 챙기고 포인트도 쏠쏠하니 모을 수 있어 굿 !",5
"유익한 건강 정보도 가득하고, 나의 건강상태를 주기적으로 체크할 수 있어서 좋아요.",5
의학정보도 얻고 모은 포인트로 병원진료도 할 수 있어서 좋아요,5
"비대면으로 진료 받을수있다는 점이 편리하고 좋네요. 또 진료후 약처방+약 배송해주는 점이 신선하고 편하네요. 어플 화면구성도 심플, 깔끔하고 한눈에 들어와서 어플 처음 사용하는 사람도 어려움없이 쉽게 이용할수있을것같습니다.",5
삭센다 처방 및 독감최저가 접종 등 잘 쓰고 있습니다. 만보기 알림이 넘 많이 와서 별 하나 뺍니다(알람 끄면 만보기 적립 못받음),4
만보기앱 알아보다 우연히 알게됐는데 좋아요 백신도 맞아야하는데 백신가격 저렴한 병원도 알려주고 만보기도 잘 사용중이예요,5
걷기로 건강관리도 잘되고 포인트도 받고 1석2조입니다,5
복잡하지 않고 간단하고 편하게 건강을 지켜나갈수 있습니다.,5
비대면 구매도 쉽고 건강도 챙기고 굿,5
비대면진료가 코로나시국에 많이 필요한데 여긴 코로나진료를 따로 설정해놔서 급하게진료볼때 편리한것 같아요 진료과가 잘 나뉘어져있어서 질환별로 선택해서 진료볼수있어서 좋고 피부과같은경우 피부과전문의가 따로 있어서 좋은것같아요 병원평점이 확인이 안되어서 비대면진료라 확인하기 어려운점이 아쉽네요 진료보는 병원 진료평점이 어떤지는 알고 봐야할것 같긴하네요 배송이나 근처약국연계는 시간이 좀 걸리겠지만 가까운쪽으로 받을수 있으면 더 안심이 될것같아요,4
"거낭의 지식이 넓어져서 지식도 쌓이고, 걷기도 되어 건강에도 도움이되어 좋습니다.",5
가장 현실적이고 실생활에 접목되는 최고의 앱입니다.,5
"근처에 있는 병원가격도 알수 있고, 건강관리도 할수 있어요, 앱 구성이 깔끔해서 원하는 대로 바로 찾을 수 있었어요, 다양한 혜택도 주니까 매일 들어가게 되네요^^",5
이벤트 상품도 늦게오고 답장도 늦음,1
건강 관련 전문 소식을 쉽게 전달 해 주네요.,5
건강도 챙기고 해택도받고 특히 약챙겨먹기 알림은 너무 좋아요,5
"포인트 모으는 재미도 있고, 독감 백신 같은 거 저렴한 곳 알아볼 수 있어서 좋아요.",5
이거 돈도 벌고 건강관리도 하고 너무 좋네요,5
제가 사용해본 비대면 진료 어플 증 가장 사용하기 편리하고 ui 화면도 깔끔합니다. 의사선생님 이력이나 후기등을 자세하게 볼 수 있는 점도 너무 좋았어요. 코로나 치료뿐만 아니라 다른 카테고리도 많아서 추천합니다!,5
제가 한참 코로나로 병원가기 힘들었을 때 작년 4월에 사용하면서 여태까지 너무 잘 사용하고 있는 나만의 닥터 ♡,5
유용한 정보도 얻을 수 있고 여러 걸음수나 퀴즈 등을 통해 캐시도 얻을 수 있어서 좋네요,5
비대면 진료는 물론.. 의학지식도 배우고 포인트도 쌓고 너무 좋아요,5
"진료과목별로 나열되어 있어 본인이 진료 필요한 내용대로 선택하기 쉽고, 특히 닥터포인트(만보기 같은)가 있어 건강도 챙기며 포인트도 얻을 수 있는 부분은 다른 비대면서비스와는 차별적인 특징이라 눈에 띄더라고요. 전문가의 진료, 약처방, 복용법까지 비대면으로 서비스 받을 수 있어 너무 좋은것같아요!",5
유용하게 이용하고 있습니다 지방이라 아직 배송 부분은 만족스럽지 못하지만 그래도 다른 부분으로 유용한게 많은거 같습니다 정보적인 부분이나 포인트적인 부분도 만족합니다,5
너무 유용하게 잘쓰고있어요. 네이버페이도 쏠쏠하게 들어옵니다.,5
병원정보를 쉽게 확인할수있고 건강퀴즈도 유용합니다,5
비대면 진료시 이용하기 너무 편리한 앱인것 같아요. 증상에 맞춰 진료과를 선택할 수 있어 더욱 편리한것 같고 진료비까지 계산할 수 있으니 너무 좋은것 같아 강력히 추천합니다:),5
나만의닥터로 건강관리 밎 건강상식까지 알아가고 있습니다. 핫딜를 통해 영양제도 먹고 있으며 걷기로 나날이 건강해지고 있는데 같습니다. 광고없이 포인트를 적립할수 있어 더 좋습니다,5
"만보기 앱테크로 네이버 포인트도 받고 여러 건강 정보도 챙길 수 있어 정말 유용한 앱이네요, 원격진료도 참 좋네요",5
비슷한 앱이 많은데 유전자 검사를 포함해서 나만의닥터는 확실히 뭔가 더 진보적이고 발전된 모습이라 매우 맘에 듭니다. 잘 이용하고있습니다.,5
이거 알림설정 끄는게 없어요. 만보계 어쩌다보니 되버린게 끌수도 없이 알림창에 나타나고 해제도 안되고 종료상태 홈화면에서도 계속 숫자 1이 붙어있는것도 굉장히 거슬립니다. 해결이 안되면 삭제할수밖에 없습니다..,1
진료과목이 첫화면에 깔끔하게 정리되어 보기가 편합니다. 만보기 기능이 나두모르게 포인트가 쌓이는게 좋습니다..다만 배터리소모가 큰만큼 사용자가 만보기 on.off 수동기능이 있으면 좋겠네요.,3
병원에 직접가지 않고 전화로 의사에게 진찰을 받을수있어서 너무 좋습니다. ^^~,5
건강상식도 많이 알게되고 만보기에 앱테크까지 가능하니 너무 좋아요,5
좋은데요 편하고 빠르고 좋네요 번창합시다,3
인터페이스라든가 디자인이 직관적이고 깔끔해서 보기 편하고 사용하기도 편합니다. 평소 병원을 선택할 때 검색도 해보고 많이 알아보는 편인데 그만큼 번거롭고 시간이 걸리거든요. 이 앱은 병원에 대한 정보와 평가를 한 눈에 볼 수 있게끔 정리되어있어서 시간이 많이 절약되고 병원 선택에 도움이 많이 되어 좋았습니다.,5
"처음사용해보는데좋네요!우선메뉴선택하기가쉬워요!다른데는복잡한게많은데알기쉽게되어있어요!그리고부모님진료대리신청이있어서좋네요!떨어져지있으니아푸실때걱정이였거든요!저한테맞는건강상식,꿀팁도보는데저는이것도좋은것같아요!아직쓰는데불편함은없는것같아요!",5
현재 군인으로써 제한된 의료시설 때문에 원하는 약을 처방 받지 못하고 굉장히 난처한 상황 이었는데 덕분에 택배로 받아서 잘 해결했습니다. 누군가에게는 당연한 시스템이라고 생각할 수 있으나 저에게는 가뭄에 단비 같은 시스템 이었습니다. 이런 앱 덕분에 삶의 질이 상승하는 것 같습니다. 관계자분들 고생하셨습니다. 감사합니다 :),5
소개로 알게된 앱인데요. 나닥 나닥 그래서 나스닥 거래를 하나보다 생각했는데 나만의 닥터ㅋㅋ 우선은 다양하게 포인트를 모을 수 있는데 그 과정에서 건강 상식을 공부할 수 있다는 점이 최고인 것 같아요. 퀴즈는 11시부터 열리는데 자정까지 가능해서 여유 있게 충분히 공부하고 풀어도 부담 없어요. 걷기로도 보상을 받을 수 있는데 보상 기준이 다양해서 만 보가 안되더라도 약간의 보상을 받을 수 있어요. 가장 칭찬하고 싶은 것은 정보의 디테일과 고품격이라는 점이에요. 진짜 신경 많이 쓴 부분이 건강 정보라는 생각이 들어서 박수를 보냅니다. 고맙습니다.,5
나만의닥터도 비대면진료가능한 앱으로 코로나시국엔 특히나 병원가기 꺼려지는 상황이라 병원갈일 있을때 너무나 유용한앱이다.또한 바쁜 직장일때문에 병원가야하는것도 눈치봐야하는 나에게는 비대면진료라서 예약해놓고 그시간쯤 전화를 기다리면되기에 얼마나 소중한지 모른다 .진료과도 쉽게 선택가능하게 구분되어있고 선생님들 약력도 자세히 나와있어 선택시 참고하기 너무나 좋네요,5
무증상이었던 코로나였어요 그런데 저의 남편이 저에게 옮아서 굉장히 아파했어요. 그러다 저도 결국 무증상 코로나였음을 인지했어요. 그때부터 엄청 당황하면서 검색에 검색을 하다가 알게된 나만의닥터앱입니다. 여러 비슷비슷한 앱들이 많지만 저에게 가장 보기 편하고 믿음이 갔습니다. 도움 많이 받아서 이자리를 빌어 감사인사 전합니다.,5
코로나때문에 병원에 사람도 너무 많고 감염 걱정에 병원방문이 꺼려졌었는데요. 나만의 닥터 어플을 통해 비대면으로 의사선생님께 진료를 받아볼 수 있어서 너무 좋네요. 특히 다양한 진료과목이 있고 전화통화로 간단하게 진료만 받으면 되니까 너무 간단하구요. 무엇보다 약배달까지 비대면으로 배달된다는 점이 정말 획기적이에요. 이제는 더이상 병원 방문 미루지말고 집 안에서 편안하게 진료받을 래요♥,5
비대면 진료가 필요해서 추천받아서 가입했는데 건강지원금 5000원 지원에 무료 재택진료 서비스를 해주니까 너무 좋네요. 우리 동네 근처 필요한 진료 분야를 바로바로 찾을 수 있어서 따로 발품팔지 않아도 되고 가격 정보도 알 수 있어서 좋아요. 진료분야 서비스가 확대되고 진료 정확성만 보장되면 꾸준히 이용할 것 같아요!,5
"언제 어디서나 쉽고 편리하게 예약부터 약처방까지 받을 수 있어 필수 앱입니다. 비대면 진료가 가능해서 시간도 절약 할 수 있고 다양한 의료서비스 기능들이 제공 되어서 너무 좋았어요~* 진료과목별, 증상별 검색도 가능하고 담당선생님들도 너무 꼼꼼하게 잘 설명해 주시고 친절해서 너무 만족하게 사용하고 있습니다~*",5
만성방광염...20대때 방광염 한번걸리고 나서는 디게 자주걸려서 병원다니기 너무 힘들엇는데 ㅠ 요즘에는 나만의닥터로 편하게 집에서 항생제 약받고 진찰까지 받아요. 약도 어떻게 언제 먹어야하는지 친절하게 설명해주셔서 너무 좋았습니다. 만성적인 부분이 있어서 아마 자주 사용하지 않을까 하네요^^,5
"특히나 혼자서 집에서 재택근무를 하며 코로나를 이겨내야하는 분들에게는 너무도 필요한 앱입니다. 그리고 현재 무료로 배송해 주셔서 너무 감사하구요, 2번이나 사용했는데 둘다 예상시간보다 훨씬빠르고 또 배송기사님들도 정확하고 친절하게 잘 배송해주셨어요. 연결되는 의사선생님들께서도 대면이 아닌만큼 더 꼼꼼히 여러가지 물어주시고 또 궁금한점도 물어보라고 해주시며 친절히 비대면 지료 해주셨습니다. 사실 대면하면 다음환자로 넘어가기 바빠서 정말 진료실 의자에 앉자마자 일어나야되는데 더 자세히 진료받은것 같습니다. 추후 배송비 무료가 아닌 유료가 된다해도 이용하게 될것같습니다.",5
"확진자 친구가 추천해줘서 사용했는데, 진짜 편햐요. 다른 어플들 예약 폭주라 예약이 너무 어렵더라구요;;어플 솔직히 안 믿었는데 이건 쓸만해요..ㅋㅋ의사도 전문의 많이 들어와 있어서 제일 예약하기 편했어요. 다른 어플들은 한의원들이랑 섞여서 나열되어 있어서 코로나 진료 받기 좀 어렵더라구요.",5
예전에 사용했을 때는 다소 불편한 점이 있었는데 최근에 다시 접속해보니 많이 개선된 것 같더라고요. 사용자들의 의견을 들어서 신속하게 업데이트 해주신 것 같아요. 한가지 개선 요청 드리고 싶은 부분은 어플 내에서 진료비나 약값에 대한 영수증(회사 또는 보험사 제출용)을 출력할 수 있으면 정말 편리할 것 같습니다,5
비대면진료 앱이 요즘 많이 생기면서 병원에 가지않아도 전화로 진료볼수있어 편해지고 있습니다.나만의닥터는 다른 비대면진료보다 진료과도 많고 의사샘들의 약력이나 환자들의 후기를 볼수있어 의사선생님 선택시 유용한 앱인것 같아요 .앱구동도 빠르고 만보기연동 포인트적립도 매력있네요,5
지인추천으로 가입한앱입니다. 일단 저처럼 혼자사시는분들에게 특히나 유용할듯합니다. 비대면으로 늦은시간까지 진료가 가능하고 24시간 예약시스템도 있습니다. 요즘 챌린저스같은 앱도 이용중인데 어플이거저거 필요없이 나만의닥터로 앱테크도 가능하니 완전 좋네요. 쌓인포인트로 진료결제도 가능하니 일석이조입니다. 앞으로 애용하겠습니다,5
탈모때문에 병원은 가야되는데 업무상 가보긴 힘들고 해서 나만의 닥터 비대면 진료를 처음 받아봤습니다. 생각이상으로 편리했고 시간적 공간적 소모량이 확 줄어들었으며 약도 집으로 배송되어 너무 편하고 좋았습니다. 담당선생님 전화상담진료도 성의있게 잘 해주셨습니다. 또 이용할 예정이며 적극추천합니다.,5
의사들이 대부분 전문의라서 믿고 씁니다. 다른 곳보다 아직 의사 숫자는 적은 것 같은데 그만큼 필터링해서 모셔왔다는 느낌이 드네요^^ㅎ 그리고 제가 필요한 부분에서 진료해주시는 쌤은 많아서 좋아요~ 지금 꾸준히 진료받고 있는 선생님도 너무 좋으시구요! 계속 좋은 의사분들만 모셔오면 좋겠어요~,5
꼭 필요한 기능이 있습니다. 다이어트처방받는데 편하고 좋습니다.어플 에러없없고 처리가 빨라서 저처럼 모바일사용이 자유롭지 못한분도 빨리 할수있어서 좋았습니다.,4
지인추천으로 알게 되었어요. 요즘같은 시대에 진료부터 약 배송까지 비대면으로 가능하다니 꼭 필요한 앱이라 잘 사용할거 같아요. 화면이나 메뉴 깔끔하고 사용하기 편리해요.,5
"2월초 확진됐을때 타어플로 비대면진료봤는데 약이 1주일후에 와서 황당했던 기억이 있는데 여기는 연계 병원약국이 많아서 우선 안심되구요 후기도 좋아서 기대가 됩니다. 앱 메뉴가 직관적이고 홈화면에 자주 진료보는 병명들이 있어 편해요. 그리고 바로 쓸 수 있는 5천포인트 가입이벤트와 만보기도 하고 있어 지출예방에도 좋겠어요. 다만, 활성화버튼의 글씨가 조금만 더 큼직하면 어르신들이 사용하시기도 편할거 같아요. 그리고 진료예약시 동영상 첨부기능도 있으면 더 좋을거 같아요.",5
갑자기 코로나걸려서 배도 아퍼서 곤란했었어요.. 검색으로 찾아보고 너무 편하게 잘사용했어요! 원하는 시간에 의사선생님도 너무 친절하고 약도 비대면으로 수령해서 너무 만족해요. 격리 끝나고도 잘사용할거 같아요!,5
포인트를 모으면 나중에 진료에 쓸수있다는게 참 좋은것 같아요 요즘 앱테크로 많이 쓰는것같던데 진료가 메인이긴하지만 가능한 다른쪽으로도 포인트를 다양하게 쓸수있다면 더 좋을것같아요 또 비대면 진료도 좋지만 초보자나 어르신들한테는 좀 어려울수있는것같아서 다른방안으로 좀 더 친숙하고 간편하게 바꿔주신다면 더욱 좋을것같습니다,5
"장염진료를 비대면으로 받아봤습니다. 선생님 별로 시간차는 있겠지만, 제가 요청한 선생님은 빠른 시간에 연락주셔서 세심히 질의응답 이루어졌습니다. 약국에 전화해서 처방약 유무를 직접 알아봐야 하는건 불편하더라고요.. 그래서 택배비 내고 약도 배송 받았습니다. 배송까지 1시간 안에 이뤄졌습니다~ 약 배송이 무료였음 더 좋았을 것 같습니다. 건강 퀴즈 이벤트가 유용합니다ㅎ 적립된 포인트는 비급여 시에만 사용가능하니 참고하세요 시간없을 때 꾸준히 이용할것 같습니다.",5
다른 비대면 진료앱도 있는데요.나만의 닥터는 각과나 증상에 맞게 진료 분야가 나오고 선택 할 수 있어서 좋았어요. 다른 곳은 통합예약 시스템인 곳도 있더라구요.,5
코로나 때문에 대면진료가 꺼려지는 경우가 많아 찾아보다 알게되었어요 인터페이스가 간결하고 편해요 직관적이라 누구나 쉽게 접근 가능합니다..,4
앱 화면이 보기가 좋아요. 건강 상식을 열심히 읽고 있습니다. 꼭 필요한 정보가 알기쉽게 설명되어 있습니다. 건강퀴즈도 풀면서 건강상식도 쑥쑥! 포인트 적립도 많이해서 나중에 비대면진료로 약처방 받을때 유용하게 사용할 예정입니다.감사합니다.,5
"앱 메뉴가 직관적이고 쉽습니다. 포인트도 쌓고, 여러가지 건강상식에 관련한 게시물도 읽을 수 있어서 좋네요. 비대면 진료로 간편하게 진료받고, 진료내역도 볼 수 있어서 더 좋은 것 같아요.",5
코로나 유행으로 비대면 진료와 약을 배달해 주는 어플을 찾다가 알게 되었어요. 그리고 비대면 진료뿐 아니라 건강에 대한 공부를 하고 푸는 건강 퀴즈와 만보기를 이용해 포인트를 얻어 진료비로 사용할 수 있는 점은 좋아요. 다만 포인트를 비급여 진료시에만 사용할 수 있다는 점과 포인트를 쓸 수 없다는 점은 아쉽네요. 앱내에 편의점에서 살 수 있는 간단한 약들을 구매할 수 있었으면 하는 바람을 가져봅니다.,4
편리합니다. 바쁘다 바빠 현대사회에 꼭 필요한 앱중에 하나라고 생각해요. 비대면 시대에도 필수 어플이 아닐까 생각됩니다. 너무 편리하고요. 잘 이용하고 있습니다. 앞으로도 자주 이용할 수 있도록 다양한 지역으로 확장시켜 주시면 너무 좋을 것 같습니다. 지인들에게도 추천하고 있어요:) 굿굿 감사합니다,5
비대면 진료가 활성화되면서 여러 관련 앱들이 나오고 있는데 나만의 닥터가 인터페이스가 제일 직관적이고 편하네요. 급하게 진료를 보고 싶을 때 자주 사용할 것 같습니다. 추천합니다..,5
다른 비대면진단앱에 비해서 상세한 병명목록을 선택할수 있어 편리하네요. 코로나시대에 꼭 필요한 앱인데 빠르고 간편한 플랫폼이라 잘 쓰게 됩니다.,5
"비대면으로 진료 받을수있다는 점이 편리하고 좋네요. 또 진료후 약처방+약 배송해주는 점이 신선하고 편하네요. 어플 화면구성도 심플, 깔끔하고 한눈에 들어와서 어플 처음 사용하는 사람도 어려움없이 쉽게 이용할수있을것같습니다.",5
비대면 진료 어플에 관심이 많아서 설치했습니다! 앱 인터페이스도 깔끔하니 너무 예쁘고 직관적이라 사용이 편리했어요 ㅎㅎ 앞으로도 이런 어플들이 저변이 넓어졌으면 좋겠습니당,5
"비대면진료 자체가 처음인 사람들이 이용했을 때 이해하기 쉽게 잘 만들었어요.다른 거 이용했을 땐 좀 번잡하다는 느낌 들었는데, 이건 편했어요. 고객센터도 친절하고 대응도 빠릅니다.",5
비대면으로 진료받고 약처방부터 배달까지 너무 편리한 앱이네요~ 화면구성도 보기 편해서 좋네요 코로나시대에 이런앱이 있어서 외출하지않고도 집에서 편하게 약처방 받을수있는 점이 만족스럽습니다.,5
인터페이스가 깔끔하고 직관적이라 사용하기 편리해요!앱도 무겁지 않아서 빠릿빠릿하게 잘 작동하구요 진료항목이 다양해서 편리하고 좋은 것 같아요,5
비대면 진료를 받을 수 있어서 굉장히 편리하네요. 인터페이스도 쉽고 직관적으로 잘 갖추어져 있습니다. 앞으로 지켜 보고 즐겨 사용할게요.,5
디자인이 깔끔하고 직관적이라 일단 좋아요. 필요한 때에 필요한 기능을 적절하게 이용할 수 있습니다. 비대면으로 진료보고 약 배송까지 해주는게 정말 너무 편리하네요.,5
이 앱을 늦게 알았지만 정 말 유용합니다. 보통 병원을 가도 얘기 몇마디만 듣고 바로 처방해주는 곳이 많아 대면 진료가 의미 없을 때가 많은데 비대면 지료상 미리 글로 작성하면 내 증상을 빠짐없이 얘기할 수 있고 거기에 딱 맞는 진단을 받을 수 있어 간단한 진료는 더 효율적 부분이 많습니다.,5
외국에서 살다가 들어왔는데 한국에도 이런 서비스가 활성화 되어있다는 점에서 매우 놀랐어요! 이번에 한국 도착하자마자 자가격리 하면서 배탈까지 심하게 나서 ㅠ 설마하면서 찾아봤더니 정말 되네요? 덕분에 약 바로 배송받아서 치료 했습니다. 코로나 이후에도 계속 쓸 수 있으면 좋겠어요. 미국에는 정말 이런 제도가 잘 되어있어서 많이 사용했었거든요! 응원합니다~~,5
정말 편리한 앱입니다. 비대면 진료도 가능하구요. 무엇보다 어플이 안정적이고 오류도 없어서 마음에 들어요. 요즘 같이 바쁜 현대사회에 꼭 필요한 필수 어플이 아닐까 싶습니다. 지인들한테도 추천했어요. 잘 사용하겠습니다. 감사해요.^^,5
앱디자인도. 보기좋고 접근성이 좋게 되있어서 좋아요 ㆍ 다른앱과 달리 목적과 무관한. 무분별한 광고가 없어 눈이 편해요. 여러모로 건강관리에 편리함이 장점인것 같아요.,4
"첫 메인페이지를 보자마자 좋은 앱이라는 생각이 듭니다. 원하는 메뉴를 앱 접속하자마자 바로 볼 수있어서, 빠르게 비대면 예약을 할 수 있겠다는 생각이 드네요. 하지만, 사용할 일이 있으면 너무 잦으면 안되겠죠? 😅",5
"일단 재택진료와 처방, 처방약 배송까지 원스톱으로 이어진다는데 신세계를 보는것 같습니다. 그런데 영상통화나 전화도 좋지만, 카톡이나 문자상담도 가능해지면 더 좋겠습니다. 그리고 지방의 의사분들은 적고 서울의사분들 위주던데 더 넓게 확대해나가면 좋겠습니다. 너무나 좋은 서비스입니다.",5
앱구동이 가벼워 속도가 빠르네요. 메뉴구성도 단순화되어 있어 가독성도 높구요.정보도 넘쳐나니 쏠쏠한 앱 발견한거 같아서 좋네요. 입소문내서 널리 알릴께요♥♥,5
비대면진료 앱들 중에서 가장 깔끔하고 신뢰가 갑니다. 모든 절차에서 명료하게 진행 상황을 잘 알려줘서 처음 이용해본 사람이어도 잘 쓸수 있을 듯합니다. 앞으로도 많은 사람들이 사용할 수 있도록 번창하길 기원합니다,5
3가지 어플을 비교해보고 최종적으로 사용하고 있어여. 다른 어플에 비해 메뉴가 좀 더 직관적으로 느껴지고 인터페이스도 사용하기 편리하네요,5
"진료과별로 나뉘어있는것도 좋았고, 타사앱은 코로나관련 질병만 진료가능한데 여기는 자잘한것부터 세분화되어있어서 넘 좋았습니다. 타사앱과 다르게 사진첨부가 되는점도 너무 좋았고 의사분도 너무 친절하였고 무료퀵배송이며 배송조차도 완벽!",5
앱테크 소개로 우연히 깔게되엇는뎅 너무 다양한 정보와 코로나 비대면 약처방까지 받을수 잇어가지고 매우 유용하단 생각이 들엇어욤 포인트 모아서 사용도 가능하고 나뿐만 아니라 가족 진료까지 상담받고 예약도 가능하고 무료배송으로 약도 받을수 잇는 점 너무 좋아욤 그리고 앱두 빠르고 깔끔해욤 ㅎㅎ,5
UI도 간편하고 비대면진료도 매우 간편하게 이용가능합니다. 그리고 건강관리 탭에서 퀴즈나 걷기 같은 챌린지로 리워드도 받을 수 있어서 좋습니다!,5
고혈압약 받아야하는데 요즘 병원 대기가 너무길어서 사용했어요. 여기도 마찬가지로 붐비는 것 같았지만 어찌저찌 예약은 잘 했고 약까지 배송신청완료했어요~ 좀만 더 빠르면 좋겠지만 혈압약은 2~3일 기다릴 여유가 되어서 잘 썼습니다~,5
가입이 오래걸리지 않고 간편해서 접속하기 쉽고 병원 분류가 세분화 되어있어 병원을 찾아봐야할때 편합니다. 분류별로 잘 나뉘어있고 깔끔한 디자인으로 눈에 잘들어와요. 어플 사용이 쉽고 간편해서 자주 이용할거 같아요.,5
출산후에 탈모가 생겨서.. 애기 때문에 병원도 자주 못가는데 어떻게 관리하나 고민이 많았습니다. 전화로 진료받으니 호르몬 변화로 인한거라고 말씀해주시고 지속형산후탈모가 되지않도록 어떻게 관리해야하는지도 잘 알려주셨어요. 증상 지켜보면서 비대면으로 계속 진료 받으려고요. 병원안가도 의사선생님과 계속 얘기할 수있어서 좋았습니다.,5
앱이 너무 잘 되어 있네요 닥턱포인트를 얻어서 사용이 가능하고 비태면진료를 원하는 의사분으로 바로 예약이 가능한 앱이네요 사용자 편의를 생각해 아주쉽게 앱이 만들어저 있습니다 추천 합니다.^^,5
코로나때문이기도 하지만 앞으로 언택트시대를 맞이해 비대면진료가 더 활성화되리라 기대됩니다. 이용하기 편리하고 좋은 앱이 만들어 졌네요~~,5
앱이 사용하기 되게 편해요. 비대면 진료 어플 중에 인터페이스가 제일 간편해서 검색하기 편하고 나이드신 어르신분들도 쉽게 할수 있는 어플인것 같아요. 시골이라 병원가기 쉽지 않은데 직접가지 않아도 되어 편합니다.,5
